Nome do modelo,H(m),Inclinação(graus),Coesao(kPa),Ângulo de atrito(graus),Peso específico (kN/m³),Fator de Segurança
modelo_n_0001.hjs,44.273,23.6725,285.45,44.375,19.23,5.739904328
modelo_n_0002.hjs,23.681,40.9425,234.15,23.425,15.55,5.381333391
modelo_n_0003.hjs,74.765,17.9525,151.05,43.825,17.01,4.720918006
modelo_n_0004.hjs,48.035,24.4975,52.65,19.475,23.91,1.386943306
modelo_n_0005.hjs,197.525,27.5775,205.65,4.925,11.45,0.903321854
modelo_n_0006.hjs,45.263,18.6675,115.65,2.825,11.57,1.800870782
modelo_n_0007.hjs,134.957,38.0825,266.55,3.225,16.05,0.977295311
modelo_n_0008.hjs,192.575,19.1625,53.55,18.975,26.99,1.219515051
modelo_n_0009.hjs,43.085,48.2575,288.15,41.725,17.97,3.942019484
modelo_n_0010.hjs,132.581,45.1225,262.95,0.225,10.05,1.659171586
modelo_n_0011.hjs,155.945,55.4075,175.05,37.875,19.87,1.238372271
modelo_n_0012.hjs,57.935,52.4925,226.65,23.725,15.73,2.60204772
modelo_n_0013.hjs,146.441,45.3975,124.65,33.725,21.89,1.206264403
modelo_n_0014.hjs,71.597,36.0475,190.65,44.825,15.03,3.286615019
modelo_n_0015.hjs,86.645,53.3175,119.85,45.825,10.13,2.199057288
modelo_n_0016.hjs,169.013,42.6475,208.95,31.075,25.01,1.290449379
modelo_n_0017.hjs,114.563,27.2475,47.85,3.575,11.55,0.447225254
modelo_n_0018.hjs,104.069,15.4775,247.05,45.625,28.31,5.155720765
modelo_n_0019.hjs,104.663,20.5925,192.75,31.725,22.59,2.788503916
modelo_n_0020.hjs,60.509,33.4075,32.85,6.525,11.59,0.600166701
modelo_n_0021.hjs,73.181,26.8075,82.95,36.625,20.21,2.321076235
modelo_n_0022.hjs,167.429,47.9275,287.85,43.125,20.75,1.850937547
modelo_n_0023.hjs,147.431,47.4875,159.75,48.025,24.99,1.710551149
modelo_n_0024.hjs,53.975,5.8525,271.05,34.025,21.03,10.88189998
modelo_n_0025.hjs,191.387,27.9075,150.75,34.575,28.93,1.80621455
modelo_n_0026.hjs,113.375,51.4475,130.05,10.175,29.17,0.507044539
modelo_n_0027.hjs,198.911,34.5625,275.85,29.125,17.69,1.727667777
modelo_n_0028.hjs,54.767,55.8475,220.05,31.875,23.73,2.006446012
modelo_n_0029.hjs,159.905,38.9625,233.85,17.625,25.59,0.996653765
modelo_n_0030.hjs,83.873,56.6175,178.05,1.225,19.81,1.21900136
modelo_n_0031.hjs,159.311,21.0875,119.25,3.125,13.75,0.609963154
modelo_n_0032.hjs,96.941,8.4375,27.45,11.725,27.27,1.653359949
modelo_n_0033.hjs,66.053,29.5575,162.45,44.925,25.77,3.071036588
modelo_n_0034.hjs,187.229,44.8475,25.05,3.275,20.89,0.131367351
modelo_n_0035.hjs,107.633,26.5325,254.25,40.975,29.59,2.884084141
modelo_n_0036.hjs,59.321,59.6975,245.55,8.425,23.35,2.150069589
modelo_n_0037.hjs,134.363,25.1025,76.05,37.475,20.99,2.165144046
modelo_n_0038.hjs,36.353,36.9275,184.05,35.625,21.01,3.176754286
modelo_n_0039.hjs,5.267,46.0575,202.95,7.675,16.51,22.33180175
modelo_n_0040.hjs,161.489,29.7225,283.95,29.525,26.79,1.847646962
modelo_n_0041.hjs,93.971,46.5525,194.85,40.925,24.53,1.825555341
modelo_n_0042.hjs,64.667,22.6825,7.05,38.575,25.79,2.065498929
modelo_n_0043.hjs,19.721,28.4575,240.45,27.875,26.59,4.784614341
modelo_n_0044.hjs,45.857,48.9175,78.15,38.425,13.59,1.976223787
modelo_n_0045.hjs,179.309,40.2825,16.95,29.725,16.23,0.82501149
modelo_n_0046.hjs,104.267,13.1125,211.35,23.925,26.77,3.026836651
modelo_n_0047.hjs,77.933,14.2125,210.15,20.975,20.85,3.070287077
modelo_n_0048.hjs,117.137,12.2875,58.05,18.675,20.53,2.023927683
modelo_n_0049.hjs,47.639,35.0025,269.85,8.675,20.57,2.247898164
modelo_n_0050.hjs,148.619,36.6525,115.05,45.025,15.29,2.136981221
modelo_n_0051.hjs,25.859,8.7125,293.85,39.125,24.67,11.33505656
modelo_n_0052.hjs,119.909,42.3725,144.75,28.525,21.07,1.279963395
modelo_n_0053.hjs,136.937,13.0575,212.85,32.325,18.49,4.067607689
modelo_n_0054.hjs,152.975,42.5375,242.25,48.875,10.17,2.974833601
modelo_n_0055.hjs,34.769,12.7825,252.15,15.875,21.83,4.497753482
modelo_n_0056.hjs,112.385,31.7575,48.45,30.975,14.67,1.453529192
modelo_n_0057.hjs,50.411,24.0575,90.75,46.575,10.71,4.501494158
modelo_n_0058.hjs,99.713,54.6375,106.65,24.925,20.95,0.891653239
modelo_n_0059.hjs,126.047,55.5175,297.15,22.975,19.55,1.390174106
modelo_n_0060.hjs,85.259,38.5775,97.95,31.975,29.75,1.343998004
modelo_n_0061.hjs,166.241,11.6275,21.75,9.375,16.41,0.980762241
modelo_n_0062.hjs,46.253,41.5475,208.35,17.075,13.23,2.987318802
modelo_n_0063.hjs,182.873,26.7525,49.95,25.475,11.27,1.363537988
modelo_n_0064.hjs,6.059,54.1975,36.15,46.825,21.49,3.318075862
modelo_n_0065.hjs,170.795,46.2775,256.35,34.875,23.79,1.43438666
modelo_n_0066.hjs,155.351,27.0275,220.95,7.375,27.01,0.764578009
modelo_n_0067.hjs,28.631,56.7825,31.35,8.225,28.61,0.448227825
modelo_n_0068.hjs,21.107,51.1175,246.45,35.975,14.87,7.681012206
modelo_n_0069.hjs,143.471,20.8125,16.05,32.175,11.61,1.924838101
modelo_n_0070.hjs,127.037,14.2675,264.75,20.575,12.43,3.354919024
modelo_n_0071.hjs,85.457,42.8125,230.55,24.475,28.37,1.429024339
modelo_n_0072.hjs,158.321,39.2375,109.35,11.025,11.11,0.807050654
modelo_n_0073.hjs,14.573,30.8775,27.15,11.425,25.29,1.044498758
modelo_n_0074.hjs,110.801,21.1975,58.65,16.775,26.11,1.121539599
modelo_n_0075.hjs,44.075,19.0525,85.05,5.825,20.77,1.125624071
modelo_n_0076.hjs,12.989,7.9425,169.05,4.375,29.81,5.853600063
modelo_n_0077.hjs,139.313,57.2225,106.05,17.875,26.13,0.543033104
modelo_n_0078.hjs,43.877,52.1075,51.15,47.375,27.81,1.500523575
modelo_n_0079.hjs,17.345,52.3275,204.45,33.225,29.91,3.974351082
modelo_n_0080.hjs,9.425,26.2575,260.25,47.825,19.77,13.3865739
modelo_n_0081.hjs,134.759,53.2075,160.05,3.925,26.57,0.460058312
modelo_n_0082.hjs,156.539,56.8925,99.15,8.825,10.21,0.676083413
modelo_n_0083.hjs,143.867,53.0425,49.65,24.775,11.73,0.733066022
modelo_n_0084.hjs,52.391,16.7425,241.35,5.275,26.65,1.741941902
modelo_n_0085.hjs,70.409,16.6875,176.25,12.975,10.49,2.918008858
modelo_n_0086.hjs,81.497,44.1325,55.65,12.275,23.27,0.54745347
modelo_n_0087.hjs,64.865,34.6725,71.25,1.875,11.39,0.745471291
modelo_n_0088.hjs,161.093,55.0775,215.25,20.925,10.91,1.400206613
modelo_n_0089.hjs,103.673,53.9225,12.75,2.975,11.09,0.141078454
modelo_n_0090.hjs,72.983,12.9475,23.85,35.275,20.03,3.523141159
modelo_n_0091.hjs,125.849,19.4925,265.05,44.425,11.25,5.167550265
modelo_n_0092.hjs,102.485,34.6175,223.65,29.425,20.43,1.971192806
modelo_n_0093.hjs,52.193,20.1525,292.65,34.075,13.99,5.712603352
modelo_n_0094.hjs,131.195,19.9875,3.75,19.575,29.53,1.026158466
modelo_n_0095.hjs,78.329,55.0225,159.45,17.425,28.81,0.876595114
modelo_n_0096.hjs,101.297,6.6775,148.35,28.875,13.85,6.620959289
modelo_n_0097.hjs,67.241,48.6425,100.65,1.175,21.81,0.622067841
modelo_n_0098.hjs,96.545,54.1425,142.95,48.375,16.27,1.910191828
modelo_n_0099.hjs,86.447,5.7975,0.15,41.375,24.57,8.696164279
modelo_n_0100.hjs,72.587,57.3325,40.65,41.625,24.55,0.974413347
modelo_n_0101.hjs,167.231,37.8075,235.35,38.875,29.47,1.74546784
modelo_n_0102.hjs,49.223,10.5275,194.25,0.025,15.77,2.436629552
modelo_n_0103.hjs,84.467,19.2725,206.25,14.375,27.21,1.72146999
modelo_n_0104.hjs,154.559,26.5875,184.65,24.675,22.15,1.639660209
modelo_n_0105.hjs,18.731,23.0125,154.35,17.825,13.37,5.510751068
modelo_n_0106.hjs,87.239,6.7325,100.95,16.875,10.01,4.443317132
modelo_n_0107.hjs,179.705,47.0475,118.35,31.775,10.53,1.310490103
modelo_n_0108.hjs,37.145,45.3425,141.15,30.875,20.41,2.235703036
modelo_n_0109.hjs,113.177,24.2775,103.35,6.925,25.49,0.655017324
modelo_n_0110.hjs,196.931,40.0075,97.65,6.975,24.01,0.365581471
modelo_n_0111.hjs,113.573,20.3175,298.35,2.575,13.45,1.554643634
modelo_n_0112.hjs,7.643,9.5375,178.65,43.925,18.77,19.926544
modelo_n_0113.hjs,68.231,57.5525,250.05,2.475,15.99,2.856519538
modelo_n_0114.hjs,48.431,55.4625,288.75,6.375,21.97,3.011825701
modelo_n_0115.hjs,51.401,33.6825,188.25,14.025,13.89,2.42893886
modelo_n_0116.hjs,118.523,48.1475,175.35,6.625,22.31,0.656605763
modelo_n_0117.hjs,186.833,17.3475,166.05,23.975,20.59,2.118060589
modelo_n_0118.hjs,158.519,47.6525,187.65,48.675,20.67,1.871953959
modelo_n_0119.hjs,159.113,10.9125,233.55,12.175,24.93,1.92329605
modelo_n_0120.hjs,140.501,20.9775,95.25,9.475,18.21,0.883282297
modelo_n_0121.hjs,69.617,56.5075,125.55,3.475,26.35,0.71978302
modelo_n_0122.hjs,90.407,21.0325,38.85,1.675,17.35,0.295871446
modelo_n_0123.hjs,86.843,25.2125,189.15,6.825,21.85,1.109258232
modelo_n_0124.hjs,197.723,45.0125,23.25,8.575,13.15,0.276304603
modelo_n_0125.hjs,111.197,10.8025,167.85,35.475,20.31,5.07841819
modelo_n_0126.hjs,39.719,35.7725,152.55,17.375,18.17,2.163064365
modelo_n_0127.hjs,129.413,36.5425,233.25,45.275,15.37,2.788794879
modelo_n_0128.hjs,62.093,8.8775,282.75,48.625,18.11,11.14357264
modelo_n_0129.hjs,135.551,58.8175,42.45,2.325,25.69,0.14111128
modelo_n_0130.hjs,6.653,5.3575,138.75,12.125,13.77,26.92472211
modelo_n_0131.hjs,30.611,53.8125,249.15,1.975,25.51,3.261292365
modelo_n_0132.hjs,20.513,36.3775,76.65,22.875,28.53,1.807646458
modelo_n_0133.hjs,11.405,58.4875,253.05,24.325,21.13,13.68033216
modelo_n_0134.hjs,126.443,9.9225,102.45,20.525,14.07,3.091777335
modelo_n_0135.hjs,193.169,30.8225,28.95,35.525,22.43,1.389250927
modelo_n_0136.hjs,175.943,18.3375,64.65,37.175,17.23,2.781501955
modelo_n_0137.hjs,16.157,30.6575,31.05,46.675,23.01,2.990403926
modelo_n_0138.hjs,117.335,17.6775,111.45,9.525,13.65,1.278682986
modelo_n_0139.hjs,173.567,39.3475,50.25,15.025,12.01,0.636793638
modelo_n_0140.hjs,127.829,52.9325,162.75,36.875,22.65,1.266158683
modelo_n_0141.hjs,143.273,10.1975,156.15,24.575,14.19,3.769545546
modelo_n_0142.hjs,17.939,7.8875,44.55,33.575,20.39,6.849728465
modelo_n_0143.hjs,52.787,47.1025,24.45,22.375,26.07,0.656615525
modelo_n_0144.hjs,116.939,14.6525,187.05,8.125,10.19,2.006675133
modelo_n_0145.hjs,19.919,18.6125,33.15,39.975,24.43,3.618404743
modelo_n_0146.hjs,84.863,9.3725,18.15,24.025,13.25,3.124771433
modelo_n_0147.hjs,7.247,46.9925,43.35,48.425,25.89,3.287987767
modelo_n_0148.hjs,22.493,15.8625,142.35,46.275,16.19,8.134321722
modelo_n_0149.hjs,168.221,30.4375,39.45,27.975,15.15,1.211174834
modelo_n_0150.hjs,156.341,39.0725,7.35,22.775,22.11,0.588688631
modelo_n_0151.hjs,149.609,17.5675,26.25,33.975,24.61,2.364421274
modelo_n_0152.hjs,196.337,46.2225,272.55,19.375,21.77,0.975709765
modelo_n_0153.hjs,125.453,12.0125,107.85,1.825,18.33,0.610386065
modelo_n_0154.hjs,95.951,34.0125,248.85,32.825,11.69,3.044712734
modelo_n_0155.hjs,79.319,51.3925,243.15,23.475,13.55,2.330104308
modelo_n_0156.hjs,164.261,19.5475,60.45,26.725,28.11,1.721088459
modelo_n_0157.hjs,109.019,14.3225,20.25,18.325,20.71,1.523923723
modelo_n_0158.hjs,4.079,23.6175,253.65,2.425,13.91,30.30293184
modelo_n_0159.hjs,153.371,30.2725,16.35,6.125,12.09,0.309574803
modelo_n_0160.hjs,83.081,32.0875,166.65,36.025,27.09,2.139517263
modelo_n_0161.hjs,199.505,47.5975,206.85,26.675,20.01,1.06178714
modelo_n_0162.hjs,132.977,29.7775,212.25,11.275,10.73,1.602657429
modelo_n_0163.hjs,197.327,29.4475,209.55,7.075,18.39,0.751826744
modelo_n_0164.hjs,148.025,11.9025,22.35,38.925,21.47,4.103325554
modelo_n_0165.hjs,37.739,32.3625,208.65,6.075,18.37,2.341256781
modelo_n_0166.hjs,49.421,49.1375,16.65,30.075,27.71,0.738520541
modelo_n_0167.hjs,110.405,12.2325,86.85,43.875,29.31,5.137625
modelo_n_0168.hjs,2.891,17.7875,90.45,7.225,18.57,12.78725166
modelo_n_0169.hjs,108.227,19.6025,124.05,6.175,18.43,0.912352223
modelo_n_0170.hjs,90.011,18.2825,199.05,33.475,25.63,3.253051045
modelo_n_0171.hjs,130.799,46.0025,280.05,36.525,26.97,1.636022998
modelo_n_0172.hjs,181.091,6.7875,120.75,7.625,28.63,1.550312385
modelo_n_0173.hjs,122.879,39.1275,274.05,43.675,28.67,2.204479517
modelo_n_0174.hjs,4.475,19.8225,291.15,28.625,23.11,22.11903221
modelo_n_0175.hjs,185.249,33.6275,70.95,34.825,16.99,1.4650205
modelo_n_0176.hjs,3.881,57.8825,172.05,33.525,25.87,22.05149742
modelo_n_0177.hjs,171.983,50.1825,135.15,49.925,12.71,1.870355519
modelo_n_0178.hjs,8.831,15.5875,170.25,18.425,20.33,8.998874267
modelo_n_0179.hjs,38.927,48.2025,264.45,47.425,24.09,3.544519996
modelo_n_0180.hjs,113.771,12.3975,117.45,29.675,15.23,3.724871202
modelo_n_0181.hjs,106.643,50.6775,256.95,16.025,21.75,1.191110901
modelo_n_0182.hjs,73.379,41.4925,165.75,4.175,23.77,0.807909661
modelo_n_0183.hjs,189.407,7.3925,286.95,22.825,20.91,4.520704112
modelo_n_0184.hjs,26.651,46.6625,248.25,27.075,24.41,3.560120109
modelo_n_0185.hjs,106.049,44.7375,74.85,17.725,25.47,0.667852312
modelo_n_0186.hjs,11.999,56.5625,169.35,14.475,28.57,5.7233828
modelo_n_0187.hjs,191.585,57.0575,120.45,11.125,29.67,0.36027877
modelo_n_0188.hjs,114.959,18.0625,242.55,18.875,18.79,2.326883323
modelo_n_0189.hjs,107.039,10.8575,58.35,5.525,23.65,0.831954278
modelo_n_0190.hjs,88.427,32.8575,97.05,2.625,11.07,0.799000081
modelo_n_0191.hjs,30.809,57.8275,223.35,9.175,13.69,6.725801918
modelo_n_0192.hjs,125.057,55.7375,257.85,21.625,15.79,1.489227616
modelo_n_0193.hjs,173.963,52.9875,298.05,33.925,13.21,1.741674506
modelo_n_0194.hjs,22.295,52.3825,259.95,6.425,16.65,7.359409336
modelo_n_0195.hjs,136.739,8.2725,129.15,20.775,28.47,3.295064934
modelo_n_0196.hjs,168.023,52.8775,166.35,42.325,23.49,1.305128253
modelo_n_0197.hjs,5.663,13.6625,250.65,26.025,19.75,21.14027153
modelo_n_0198.hjs,6.851,56.0675,158.55,39.925,18.85,14.24058269
modelo_n_0199.hjs,88.031,55.1875,118.95,27.575,15.65,1.204909424
modelo_n_0200.hjs,23.879,58.2675,81.45,9.975,26.75,1.519347624
modelo_n_0201.hjs,63.281,37.4775,108.75,28.675,28.79,1.446849081
modelo_n_0202.hjs,115.553,52.7125,223.05,12.875,10.61,1.864577462
modelo_n_0203.hjs,97.733,34.9475,200.25,4.875,24.47,0.774669015
modelo_n_0204.hjs,116.543,27.4675,8.25,34.975,24.59,1.456321885
modelo_n_0205.hjs,29.423,12.6725,113.25,20.075,17.63,3.996331154
modelo_n_0206.hjs,120.701,32.7475,281.25,12.725,29.79,1.096044199
modelo_n_0207.hjs,53.381,37.8625,121.35,30.625,23.71,1.811527108
modelo_n_0208.hjs,179.111,43.4175,241.95,9.775,21.69,0.724900749
modelo_n_0209.hjs,168.617,48.7525,295.35,15.275,25.71,0.864239543
modelo_n_0210.hjs,133.571,28.0725,143.85,4.275,12.77,0.816651038
modelo_n_0211.hjs,36.749,45.5075,37.35,33.025,24.07,1.212399563
modelo_n_0212.hjs,115.355,53.0975,294.45,31.025,17.49,1.761541714
modelo_n_0213.hjs,98.129,23.1225,132.45,7.825,14.23,1.180735496
modelo_n_0214.hjs,82.487,44.4625,292.35,31.175,15.09,2.630254422
modelo_n_0215.hjs,134.561,40.2275,154.05,24.075,27.19,1.056914998
modelo_n_0216.hjs,5.465,50.4025,61.05,31.925,11.77,10.1477505
modelo_n_0217.hjs,159.707,30.7675,297.75,27.475,27.15,1.725441317
modelo_n_0218.hjs,87.041,44.5725,133.05,33.275,14.01,1.792609637
modelo_n_0219.hjs,133.769,42.7575,76.95,7.425,11.91,0.561469957
modelo_n_0220.hjs,42.689,40.1175,19.95,31.825,20.65,1.120408968
modelo_n_0221.hjs,14.771,22.3525,202.05,30.925,21.43,6.829478397
modelo_n_0222.hjs,144.461,25.9275,46.95,42.475,21.57,2.258107202
modelo_n_0223.hjs,32.987,51.6675,213.75,31.225,13.49,4.962363412
modelo_n_0224.hjs,31.205,35.1125,95.85,37.225,10.87,3.665777465
modelo_n_0225.hjs,145.451,54.8575,0.45,32.425,22.69,0.46071808
modelo_n_0226.hjs,83.477,43.8575,2.25,44.025,19.97,1.074681393
modelo_n_0227.hjs,7.445,42.1525,96.15,38.325,19.41,6.004165424
modelo_n_0228.hjs,50.213,16.6325,274.35,5.475,12.89,3.629812775
modelo_n_0229.hjs,150.995,24.8825,47.55,4.025,29.97,0.286085162
modelo_n_0230.hjs,122.285,55.6825,244.65,35.925,26.93,1.325371956
modelo_n_0231.hjs,92.387,22.0225,217.35,36.125,19.33,3.370442497
modelo_n_0232.hjs,136.343,7.6125,182.25,38.075,18.41,7.374124867
modelo_n_0233.hjs,155.549,49.1925,259.35,20.325,29.95,0.892790832
modelo_n_0234.hjs,193.961,58.4325,130.35,40.025,26.61,0.937219759
modelo_n_0235.hjs,106.445,17.6225,142.05,38.225,24.19,3.45093853
modelo_n_0236.hjs,51.599,37.3125,235.95,43.575,10.97,4.900470513
modelo_n_0237.hjs,167.627,53.8675,195.45,38.975,12.17,1.625848785
modelo_n_0238.hjs,155.153,41.2725,66.15,38.125,25.93,1.227995368
modelo_n_0239.hjs,176.735,40.6675,239.25,9.425,23.87,0.702984174
modelo_n_0240.hjs,81.695,39.0175,263.25,27.675,24.39,1.927083833
modelo_n_0241.hjs,126.641,35.6625,40.95,23.225,12.75,0.979297041
modelo_n_0242.hjs,82.685,27.3575,219.15,27.175,29.21,2.069463829
modelo_n_0243.hjs,58.727,59.9725,146.85,46.375,16.81,2.115683616
modelo_n_0244.hjs,3.683,44.5175,186.15,33.325,19.05,22.53767137
modelo_n_0245.hjs,26.849,23.5075,95.55,42.525,19.85,4.27743764
modelo_n_0246.hjs,146.639,46.3325,278.85,8.325,10.59,1.636367295
modelo_n_0247.hjs,34.175,9.4825,262.05,46.625,18.53,11.81901171
modelo_n_0248.hjs,13.583,47.8725,282.45,36.325,25.53,7.677441207
modelo_n_0249.hjs,124.661,39.7875,157.35,11.925,26.21,0.7288767
modelo_n_0250.hjs,145.847,34.7825,199.95,19.675,13.33,1.51861495
modelo_n_0251.hjs,40.313,30.1625,261.45,25.825,19.65,3.637519553
modelo_n_0252.hjs,78.725,6.2375,14.55,41.975,19.39,8.656329961
modelo_n_0253.hjs,124.265,29.0625,20.85,11.075,13.13,0.549624954
modelo_n_0254.hjs,21.503,16.7975,225.75,37.275,23.93,6.965618558
modelo_n_0255.hjs,188.417,36.2125,49.35,31.275,13.01,1.191726131
modelo_n_0256.hjs,157.727,59.9175,265.65,6.675,22.51,0.868696951
modelo_n_0257.hjs,3.485,14.4325,28.35,10.825,23.81,3.763329004
modelo_n_0258.hjs,94.367,34.2875,299.25,7.975,14.45,1.844838596
modelo_n_0259.hjs,148.223,39.1825,162.15,15.225,26.23,0.792561522
modelo_n_0260.hjs,140.105,23.8375,179.25,34.525,24.75,2.373259239
modelo_n_0261.hjs,44.867,29.9425,221.25,8.275,26.81,1.691893893
modelo_n_0262.hjs,118.325,20.0425,171.75,25.775,25.85,2.147022514
modelo_n_0263.hjs,178.913,7.7225,170.55,42.925,24.21,7.903770187
modelo_n_0264.hjs,144.857,18.7775,195.15,18.475,14.61,2.068967078
modelo_n_0265.hjs,108.821,9.3175,203.25,49.575,25.57,8.775910491
modelo_n_0266.hjs,31.799,40.0625,251.25,3.775,10.67,5.665402716
modelo_n_0267.hjs,86.051,55.9575,198.75,13.725,29.05,0.900018721
modelo_n_0268.hjs,73.775,32.4725,79.65,14.175,17.59,1.031907805
modelo_n_0269.hjs,114.761,22.5175,138.45,41.525,12.41,3.527011831
modelo_n_0270.hjs,9.227,34.5075,245.85,22.125,29.55,7.158742398
modelo_n_0271.hjs,101.693,43.9675,67.05,24.225,17.03,0.952629962
modelo_n_0272.hjs,153.569,51.1725,76.35,1.325,13.39,0.356366287
modelo_n_0273.hjs,82.289,8.3825,192.45,13.925,17.81,3.456183802
modelo_n_0274.hjs,164.063,19.7675,182.55,49.175,10.77,4.854482462
modelo_n_0275.hjs,25.463,37.2575,220.65,15.375,12.07,5.685376954
modelo_n_0276.hjs,74.369,18.7225,129.75,11.225,12.99,1.867133208
modelo_n_0277.hjs,56.153,10.0325,206.55,49.025,24.35,9.117398356
modelo_n_0278.hjs,20.117,27.7425,165.15,29.175,28.41,3.709266869
modelo_n_0279.hjs,137.927,28.9525,17.85,37.925,29.63,1.561259542
modelo_n_0280.hjs,63.677,14.5975,184.95,28.925,11.51,4.916965187
modelo_n_0281.hjs,128.621,30.3275,178.35,33.775,15.01,2.280035744
modelo_n_0282.hjs,128.225,27.1375,252.75,4.525,20.09,0.936238129
modelo_n_0283.hjs,130.601,35.4975,87.75,48.275,29.23,2.063163121
modelo_n_0284.hjs,158.717,7.3375,152.25,5.925,12.13,1.929603862
modelo_n_0285.hjs,169.805,19.4375,4.35,23.675,28.43,1.293991911
modelo_n_0286.hjs,53.579,55.5725,232.95,15.525,22.47,2.071207374
modelo_n_0287.hjs,174.953,35.7175,123.75,30.025,25.33,1.25023258
modelo_n_0288.hjs,194.159,57.2775,32.25,37.425,17.09,0.714812504
modelo_n_0289.hjs,191.981,28.8425,286.05,1.275,11.71,0.934228768
modelo_n_0290.hjs,55.955,11.4075,10.95,31.425,25.03,3.303575638
modelo_n_0291.hjs,5.861,14.0475,89.25,37.075,27.67,8.581368262
modelo_n_0292.hjs,16.949,6.5675,211.65,41.925,29.83,14.53984499
modelo_n_0293.hjs,154.361,17.0725,70.65,12.775,19.71,1.107476575
modelo_n_0294.hjs,31.403,59.5875,276.45,35.775,13.31,8.351815871
modelo_n_0295.hjs,92.981,23.8925,1.05,21.075,17.43,0.908060896
modelo_n_0296.hjs,14.375,43.8025,235.05,31.575,12.35,11.29304255
modelo_n_0297.hjs,117.533,54.9125,299.85,8.725,24.73,1.140024057
modelo_n_0298.hjs,162.875,16.9075,21.15,38.725,27.63,2.827358283
modelo_n_0299.hjs,67.637,50.8425,133.95,5.075,20.29,0.963050935
modelo_n_0300.hjs,163.073,15.4225,134.55,40.175,11.31,4.314903551
modelo_n_0301.hjs,199.703,41.7675,127.65,40.225,28.01,1.370166585
modelo_n_0302.hjs,102.287,21.4725,67.95,1.375,14.65,0.414382854
modelo_n_0303.hjs,134.165,39.4575,291.75,46.925,14.71,2.969091926
modelo_n_0304.hjs,122.087,32.1425,48.15,0.825,20.15,0.172629216
modelo_n_0305.hjs,33.581,56.2325,144.15,8.075,17.17,2.764903997
modelo_n_0306.hjs,112.187,38.6325,149.85,26.075,12.39,1.697571156
modelo_n_0307.hjs,62.885,56.4525,163.05,13.225,23.23,1.21798157
modelo_n_0308.hjs,116.741,14.7075,110.25,37.375,29.13,3.612449045
modelo_n_0309.hjs,100.307,24.9925,128.25,43.425,12.65,3.44320986
modelo_n_0310.hjs,131.393,25.4875,215.55,42.175,25.05,2.923489126
modelo_n_0311.hjs,198.713,32.6375,289.05,38.475,19.31,2.252534134
modelo_n_0312.hjs,75.557,57.9925,30.45,23.575,16.83,0.596084987
modelo_n_0313.hjs,101.495,9.7025,79.95,31.125,20.63,4.363323938
modelo_n_0314.hjs,133.967,15.3125,52.35,3.325,24.51,0.410688594
modelo_n_0315.hjs,49.025,37.6425,33.45,21.975,19.29,0.98716888
modelo_n_0316.hjs,37.343,56.0125,96.75,19.275,23.67,1.261210033
modelo_n_0317.hjs,172.775,24.7725,70.05,7.125,18.65,0.538804482
modelo_n_0318.hjs,115.949,42.4825,283.05,6.575,28.39,0.79783711
modelo_n_0319.hjs,108.425,28.8975,87.15,23.075,13.03,1.533231252
modelo_n_0320.hjs,40.115,12.7275,241.65,45.375,12.15,10.08724846
modelo_n_0321.hjs,125.651,38.3575,281.55,18.025,15.51,1.663807524
modelo_n_0322.hjs,193.367,25.5425,260.85,35.425,10.31,3.061582876
modelo_n_0323.hjs,15.761,7.1175,254.55,42.725,29.65,15.49849905
modelo_n_0324.hjs,117.929,58.8725,141.75,47.175,23.31,1.380220665
modelo_n_0325.hjs,99.911,17.1275,121.95,46.875,16.85,4.765535319
modelo_n_0326.hjs,9.623,5.2475,122.25,25.725,19.63,16.48217605
modelo_n_0327.hjs,177.725,59.6425,51.45,2.025,29.41,0.119479699
modelo_n_0328.hjs,187.625,16.5225,29.55,27.525,10.69,2.109931905
modelo_n_0329.hjs,69.221,45.2325,72.15,29.475,17.93,1.245974416
modelo_n_0330.hjs,175.151,37.0375,85.95,20.475,25.75,0.791304011
modelo_n_0331.hjs,68.033,20.3725,77.25,37.775,18.09,3.098531459
modelo_n_0332.hjs,32.195,24.8275,200.55,36.725,11.47,6.400864446
modelo_n_0333.hjs,40.907,56.1225,102.75,2.775,17.51,1.547512263
modelo_n_0334.hjs,41.699,40.5025,69.75,42.075,22.17,2.037924455
modelo_n_0335.hjs,23.285,51.7775,271.35,0.975,23.43,5.129200596
modelo_n_0336.hjs,169.607,13.6075,190.05,23.775,29.99,2.492646272
modelo_n_0337.hjs,92.585,7.5025,131.85,16.475,25.15,3.212909665
modelo_n_0338.hjs,130.205,49.0275,191.25,31.675,24.37,1.242445165
modelo_n_0339.hjs,107.831,40.1725,284.25,46.225,22.45,2.634961071
modelo_n_0340.hjs,159.509,42.9225,85.35,34.375,12.61,1.331355128
modelo_n_0341.hjs,189.011,24.7175,216.45,27.375,29.51,1.730565727
modelo_n_0342.hjs,74.963,32.6925,187.95,4.425,12.67,1.55820715
modelo_n_0343.hjs,89.219,54.5275,91.05,44.725,28.85,1.267566793
modelo_n_0344.hjs,20.711,24.4425,98.25,10.475,10.35,3.82727381
modelo_n_0345.hjs,2.297,36.8175,217.95,26.575,15.93,43.8848313
modelo_n_0346.hjs,108.029,48.5875,167.25,8.925,10.63,1.353524872
modelo_n_0347.hjs,162.083,32.3075,130.65,35.225,17.99,1.793684435
modelo_n_0348.hjs,24.275,7.7775,157.95,1.425,22.07,3.779582871
modelo_n_0349.hjs,18.137,26.6425,56.55,28.975,27.57,2.405459247
modelo_n_0350.hjs,10.019,25.1575,7.65,41.775,16.55,2.710937771
modelo_n_0351.hjs,61.697,31.5375,117.75,36.775,29.11,2.125927448
modelo_n_0352.hjs,2.099,38.4675,272.25,5.125,20.25,47.87248191
modelo_n_0353.hjs,11.009,59.0925,73.35,44.325,10.45,8.006893407
modelo_n_0354.hjs,63.875,35.9925,178.95,31.375,21.31,2.197887122
modelo_n_0355.hjs,129.215,23.1775,69.15,19.025,16.69,1.282996787
modelo_n_0356.hjs,27.839,14.4875,174.45,44.875,24.71,7.123310754
modelo_n_0357.hjs,180.101,15.1475,37.05,12.425,19.53,1.031982455
modelo_n_0358.hjs,147.827,26.3675,87.45,26.275,27.45,1.389601381
modelo_n_0359.hjs,91.397,46.1125,267.75,27.275,14.49,2.197893175
modelo_n_0360.hjs,105.257,21.9125,289.95,39.725,27.03,3.492136576
modelo_n_0361.hjs,116.147,44.1875,129.45,43.275,25.83,1.633539512
modelo_n_0362.hjs,35.561,36.1575,200.85,19.625,23.25,2.474875036
modelo_n_0363.hjs,43.481,24.2225,164.25,18.725,15.75,2.891833987
modelo_n_0364.hjs,181.487,50.2375,179.85,13.475,20.73,0.654144641
modelo_n_0365.hjs,13.385,59.3675,253.95,6.325,24.45,10.54331161
modelo_n_0366.hjs,194.555,25.3775,30.15,18.375,16.73,0.894563847
modelo_n_0367.hjs,71.201,53.7025,6.45,14.975,29.01,0.270714506
modelo_n_0368.hjs,22.691,54.4175,244.05,43.225,27.37,4.382662583
modelo_n_0369.hjs,85.655,26.1475,1.35,46.075,16.35,2.189273355
modelo_n_0370.hjs,84.269,11.0775,83.55,16.175,21.35,2.216433684
modelo_n_0371.hjs,50.609,10.6925,63.75,9.875,29.25,1.529904
modelo_n_0372.hjs,87.833,28.3475,112.95,26.925,10.81,2.235673197
modelo_n_0373.hjs,199.109,22.1875,278.55,37.725,23.17,2.863212669
modelo_n_0374.hjs,165.251,30.6025,224.55,23.625,28.97,1.358991165
modelo_n_0375.hjs,28.433,11.7375,56.85,13.675,28.35,2.101104131
modelo_n_0376.hjs,71.795,47.7075,105.45,24.825,25.13,1.059248814
modelo_n_0377.hjs,65.459,7.2275,229.05,20.375,19.15,5.67126554
modelo_n_0378.hjs,171.587,38.1925,199.65,47.725,29.29,2.082168126
modelo_n_0379.hjs,165.449,56.6725,83.85,32.225,27.39,0.727381111
modelo_n_0380.hjs,115.157,11.2425,73.05,0.775,29.87,0.2832531
modelo_n_0381.hjs,24.077,59.2025,145.95,0.125,25.91,3.154768944
modelo_n_0382.hjs,119.315,16.8525,240.75,46.125,12.47,5.721750416
modelo_n_0383.hjs,26.453,47.7625,103.05,32.625,18.87,2.378454804
modelo_n_0384.hjs,141.095,29.8325,145.65,24.275,10.25,1.878502666
modelo_n_0385.hjs,53.777,31.0975,227.85,43.975,13.17,4.735250339
modelo_n_0386.hjs,192.773,56.8375,148.05,17.175,14.89,0.706653769
modelo_n_0387.hjs,152.579,52.6575,18.45,30.225,29.19,0.563571204
modelo_n_0388.hjs,109.811,5.1925,267.15,35.025,26.37,9.778855611
modelo_n_0389.hjs,132.779,15.5325,180.45,45.875,29.61,4.671507495
modelo_n_0390.hjs,29.621,21.3075,235.65,19.925,12.59,5.909822753
modelo_n_0391.hjs,95.159,31.5925,132.75,30.325,20.35,1.82491655
modelo_n_0392.hjs,38.531,38.2475,270.15,15.125,19.93,2.989464058
modelo_n_0393.hjs,60.311,23.7275,227.25,45.125,13.81,5.305884172
modelo_n_0394.hjs,188.813,6.3475,201.15,33.175,11.35,7.725270116
modelo_n_0395.hjs,93.179,54.8025,139.95,19.175,20.49,0.928682696
modelo_n_0396.hjs,31.997,48.3675,0.75,14.275,25.31,0.259631788
modelo_n_0397.hjs,14.969,6.0725,55.05,33.075,15.61,10.24335232
modelo_n_0398.hjs,9.821,25.7075,131.55,1.125,28.99,3.173643313
modelo_n_0399.hjs,180.695,35.3325,128.85,13.075,12.55,0.899731395
modelo_n_0400.hjs,190.991,10.6375,10.35,38.625,11.97,4.46297065
modelo_n_0401.hjs,38.729,11.0225,286.65,18.275,15.67,6.574537579
modelo_n_0402.hjs,157.331,14.9275,201.75,14.425,13.61,2.060743261
modelo_n_0403.hjs,178.319,13.7175,97.35,3.825,13.63,0.697361769
modelo_n_0404.hjs,45.065,56.2875,185.85,24.425,26.71,1.735715999
modelo_n_0405.hjs,30.215,6.4575,91.95,43.775,20.55,11.31020475
modelo_n_0406.hjs,128.027,54.3075,116.85,7.775,15.31,0.645312764
modelo_n_0407.hjs,75.755,10.0875,27.75,39.525,22.13,5.151819326
modelo_n_0408.hjs,186.041,33.7925,251.85,16.125,18.47,1.173913289
modelo_n_0409.hjs,152.381,54.9675,294.75,19.775,10.15,2.129290034
modelo_n_0410.hjs,62.291,36.4325,67.35,48.725,17.39,2.495354794
modelo_n_0411.hjs,35.165,50.3475,71.85,4.775,15.97,1.224335367
modelo_n_0412.hjs,32.393,59.2575,94.65,19.725,18.61,1.932894135
modelo_n_0413.hjs,190.595,57.6625,78.75,7.725,17.45,0.316793481
modelo_n_0414.hjs,15.563,13.9925,113.55,46.175,18.31,8.841043986
modelo_n_0415.hjs,61.895,52.7675,149.25,3.675,15.33,1.65362676
modelo_n_0416.hjs,89.021,22.4625,130.95,39.475,26.29,2.927598047
modelo_n_0417.hjs,41.303,11.2975,295.05,8.625,22.61,3.888997258
modelo_n_0418.hjs,195.347,24.1675,265.35,1.475,28.71,0.422204105
modelo_n_0419.hjs,153.767,41.0525,106.35,26.775,13.93,1.190546302
modelo_n_0420.hjs,76.745,53.3725,114.75,1.575,17.13,0.948019232
modelo_n_0421.hjs,127.631,7.0625,77.85,25.425,18.27,4.613158297
modelo_n_0422.hjs,41.501,11.9575,212.55,46.525,12.57,9.937383382
modelo_n_0423.hjs,2.693,32.8025,25.95,34.425,17.53,5.555509813
modelo_n_0424.hjs,196.733,57.7725,169.95,4.825,14.47,0.664175591
modelo_n_0425.hjs,91.991,49.4675,91.35,21.325,23.19,0.816115275
modelo_n_0426.hjs,54.569,52.2725,238.35,26.525,24.85,1.950384469
modelo_n_0427.hjs,195.149,51.5025,42.75,22.025,20.23,0.51505046
modelo_n_0428.hjs,198.119,15.9175,259.05,49.525,19.21,5.421012712
modelo_n_0429.hjs,174.557,7.8325,49.05,43.325,13.97,7.518024141
modelo_n_0430.hjs,61.499,47.3775,5.55,35.725,22.89,0.785699029
modelo_n_0431.hjs,92.783,46.7725,279.75,17.975,17.85,1.699082788
modelo_n_0432.hjs,74.171,39.8975,133.35,46.475,18.13,2.507853457
modelo_n_0433.hjs,12.197,26.2025,34.05,46.325,17.57,4.125606862
modelo_n_0434.hjs,8.237,41.3275,100.05,44.275,15.85,7.079301068
modelo_n_0435.hjs,70.607,46.3875,216.15,47.325,21.09,2.606891446
modelo_n_0436.hjs,70.211,12.4525,268.35,36.975,18.07,6.177238471
modelo_n_0437.hjs,186.239,26.9725,88.95,25.625,16.57,1.411356257
modelo_n_0438.hjs,95.555,30.2175,271.95,42.025,24.49,3.009301319
modelo_n_0439.hjs,156.935,55.2425,62.25,35.075,19.45,0.835535896
modelo_n_0440.hjs,151.787,53.7575,191.85,29.575,26.63,0.982980012
modelo_n_0441.hjs,40.511,53.4275,155.55,10.075,14.75,2.815455314
modelo_n_0442.hjs,50.807,6.9525,232.65,32.725,16.17,9.685600753
modelo_n_0443.hjs,143.669,13.1675,255.75,19.525,25.97,2.494132166
modelo_n_0444.hjs,26.255,53.5925,18.75,3.025,13.87,0.521865625
modelo_n_0445.hjs,44.669,25.5975,159.15,44.625,26.09,3.828827854
modelo_n_0446.hjs,138.719,35.1675,232.05,9.675,16.15,1.108112257
modelo_n_0447.hjs,167.033,29.8875,127.95,5.325,26.01,0.455703625
modelo_n_0448.hjs,165.647,31.4275,68.85,49.675,13.67,2.549303653
modelo_n_0449.hjs,73.577,41.9875,209.85,21.725,13.09,2.226591203
modelo_n_0450.hjs,147.035,7.6675,156.45,16.925,21.55,3.130271158
modelo_n_0451.hjs,46.649,49.8525,59.25,45.575,15.59,1.870503207
modelo_n_0452.hjs,76.151,23.0675,54.75,35.675,11.49,2.638863444
modelo_n_0453.hjs,170.399,47.5425,143.55,47.875,21.71,1.653410427
modelo_n_0454.hjs,111.791,8.9875,112.65,14.725,24.69,2.354070786
modelo_n_0455.hjs,168.815,31.6475,249.75,42.775,27.61,2.339222812
modelo_n_0456.hjs,106.247,11.6825,268.05,30.775,25.27,4.415073364
modelo_n_0457.hjs,142.283,21.8575,293.55,27.025,20.51,2.511122422
modelo_n_0458.hjs,78.923,42.0425,160.65,29.875,19.09,1.7272084
modelo_n_0459.hjs,55.757,19.6575,111.75,33.675,27.85,2.949741265
modelo_n_0460.hjs,163.667,45.6725,73.95,35.125,20.13,1.073046942
modelo_n_0461.hjs,130.403,32.5825,270.75,25.375,17.87,1.940587884
modelo_n_0462.hjs,91.793,54.6925,289.65,45.175,11.63,3.215819374
modelo_n_0463.hjs,153.965,39.9525,292.05,11.175,14.21,1.3074572
modelo_n_0464.hjs,186.635,19.1075,115.95,39.225,29.45,2.849201314
modelo_n_0465.hjs,42.293,57.0025,69.45,12.925,17.95,1.027502834
modelo_n_0466.hjs,145.649,50.8975,183.15,6.225,18.97,0.667131036
modelo_n_0467.hjs,135.947,22.7375,160.35,12.525,17.73,1.256987573
modelo_n_0468.hjs,98.327,49.3575,168.75,29.075,25.45,1.215359519
modelo_n_0469.hjs,120.305,58.5975,86.55,21.375,24.15,0.600366713
modelo_n_0470.hjs,47.045,51.9425,150.15,13.125,23.61,1.363327361
modelo_n_0471.hjs,175.547,35.5525,86.25,47.975,17.47,2.112300848
modelo_n_0472.hjs,139.709,46.6075,13.05,34.225,17.37,0.792775242
modelo_n_0473.hjs,70.013,17.0175,290.25,40.775,15.35,5.979744639
modelo_n_0474.hjs,129.017,38.7425,160.95,23.825,10.93,1.651890535
modelo_n_0475.hjs,130.007,41.6575,22.65,18.225,23.95,0.514647763
modelo_n_0476.hjs,29.027,8.7675,297.45,38.525,22.79,11.025485
modelo_n_0477.hjs,151.589,9.6475,250.35,4.125,16.07,1.578774039
modelo_n_0478.hjs,54.173,31.2075,298.95,21.575,10.37,4.749773877
modelo_n_0479.hjs,149.411,50.2925,7.95,23.875,21.73,0.443886583
modelo_n_0480.hjs,117.731,20.9225,234.75,42.675,16.13,4.129624153
modelo_n_0481.hjs,135.155,18.4475,277.65,17.675,12.03,2.675522393
modelo_n_0482.hjs,107.237,13.2775,88.35,12.325,12.97,1.73540472
modelo_n_0483.hjs,90.209,44.0225,273.75,11.625,22.63,1.288046494
modelo_n_0484.hjs,72.389,47.3225,285.15,25.325,18.19,2.216035909
modelo_n_0485.hjs,57.341,36.1025,292.95,10.575,16.47,2.571174059
modelo_n_0486.hjs,122.681,30.1075,36.75,21.225,21.93,0.926662519
modelo_n_0487.hjs,36.551,18.5025,81.15,27.775,24.11,2.80136003
modelo_n_0488.hjs,113.969,30.9325,289.35,28.275,17.65,2.373609695
modelo_n_0489.hjs,100.505,44.3525,153.45,14.225,18.83,0.979627117
modelo_n_0490.hjs,41.105,8.1625,237.75,10.025,21.51,4.603409534
modelo_n_0491.hjs,57.539,21.5275,15.45,18.625,21.11,1.109162472
modelo_n_0492.hjs,50.015,37.9175,223.95,34.675,25.41,2.607311704
modelo_n_0493.hjs,15.959,33.5725,141.45,21.475,19.11,4.17202607
modelo_n_0494.hjs,190.001,42.2075,286.35,4.675,16.75,0.780222127
modelo_n_0495.hjs,58.331,40.6125,205.35,23.175,12.27,2.779491935
modelo_n_0496.hjs,55.361,40.8325,277.35,17.025,16.31,2.724035186
modelo_n_0497.hjs,37.937,9.8125,214.05,19.225,21.67,5.088358758
modelo_n_0498.hjs,144.065,18.8325,55.35,12.075,11.95,1.07140538
modelo_n_0499.hjs,38.135,16.1375,169.65,17.775,18.03,3.475964251
modelo_n_0500.hjs,138.917,9.1525,183.75,22.175,18.51,3.69417105
modelo_n_0501.hjs,66.449,51.0625,294.15,33.825,11.33,3.961213826
modelo_n_0502.hjs,187.427,54.0325,79.05,36.425,16.67,0.944013995
modelo_n_0503.hjs,191.189,30.3825,41.85,6.275,19.43,0.338427603
modelo_n_0504.hjs,59.519,36.9825,53.85,43.175,21.19,1.934782233
modelo_n_0505.hjs,160.103,15.6425,290.55,29.925,13.41,3.80181834
modelo_n_0506.hjs,68.627,14.1025,241.05,38.675,26.53,5.12181298
modelo_n_0507.hjs,142.877,54.3625,6.75,39.075,14.31,0.696798396
modelo_n_0508.hjs,68.825,23.9475,37.65,48.225,12.95,3.341547643
modelo_n_0509.hjs,68.429,50.0175,197.55,27.125,14.83,2.076801564
modelo_n_0510.hjs,69.815,15.9725,17.55,27.625,10.57,2.319321853
modelo_n_0511.hjs,84.071,42.3175,55.95,46.425,28.51,1.61558294
modelo_n_0512.hjs,8.039,49.2475,296.55,45.725,25.39,15.49403308
modelo_n_0513.hjs,153.173,7.2825,245.25,39.825,23.37,8.02850411
modelo_n_0514.hjs,170.597,29.0075,231.75,45.775,17.79,2.988246568
modelo_n_0515.hjs,60.905,40.9975,38.25,5.775,13.95,0.499239317
modelo_n_0516.hjs,24.473,47.8175,109.65,3.075,24.65,1.632819423
modelo_n_0517.hjs,27.047,21.6375,149.55,18.125,22.81,3.02270679
modelo_n_0518.hjs,164.459,26.4775,35.55,39.025,12.87,2.009586744
modelo_n_0519.hjs,8.435,35.2775,273.45,14.575,23.09,10.38488609
modelo_n_0520.hjs,150.203,20.6475,45.15,37.025,15.39,2.447272467
modelo_n_0521.hjs,182.675,13.3325,249.45,5.675,13.43,1.410596011
modelo_n_0522.hjs,157.925,47.1575,243.75,13.875,22.87,0.840106593
modelo_n_0523.hjs,63.083,18.5575,137.85,34.275,15.47,3.827395975
modelo_n_0524.hjs,196.139,28.1825,295.65,13.525,24.31,1.108783805
modelo_n_0525.hjs,141.491,52.4375,230.85,7.325,19.95,0.830519159
modelo_n_0526.hjs,188.219,38.7975,42.15,43.525,10.27,1.618285275
modelo_n_0527.hjs,39.521,19.3825,277.05,25.025,24.17,4.122147071
modelo_n_0528.hjs,122.483,16.2475,181.65,28.175,11.21,3.504877769
modelo_n_0529.hjs,185.645,57.1125,36.45,31.625,28.77,0.562879983
modelo_n_0530.hjs,165.053,21.3625,163.35,20.725,22.73,1.592707313
modelo_n_0531.hjs,141.689,20.4275,121.05,1.775,19.27,0.444570064
modelo_n_0532.hjs,33.185,33.2975,296.85,35.325,21.87,4.584480558
modelo_n_0533.hjs,10.217,22.2975,118.05,39.875,25.09,6.444783601
modelo_n_0534.hjs,96.743,20.5375,270.45,29.975,28.59,2.816732405
modelo_n_0535.hjs,132.383,50.5125,32.55,9.075,23.51,0.269189733
modelo_n_0536.hjs,103.277,29.5025,203.55,47.075,29.71,2.938515402
modelo_n_0537.hjs,170.003,47.2125,263.55,21.775,28.95,0.946388936
modelo_n_0538.hjs,169.211,55.1325,268.95,0.425,23.89,0.732182645
modelo_n_0539.hjs,39.323,18.8875,161.55,25.575,28.49,3.056581819
modelo_n_0540.hjs,85.061,8.5475,56.25,23.525,24.81,3.506899718
modelo_n_0541.hjs,106.841,8.0525,71.55,0.625,25.19,0.405475246
modelo_n_0542.hjs,139.115,26.3125,196.95,44.075,19.99,3.048049985
modelo_n_0543.hjs,42.887,13.9375,214.65,22.275,14.09,5.141802454
modelo_n_0544.hjs,85.853,28.5675,156.75,19.975,15.43,1.854659195
modelo_n_0545.hjs,88.229,40.4475,38.55,47.575,29.33,1.636299316
modelo_n_0546.hjs,65.261,47.4325,191.55,21.525,26.25,1.35834124
modelo_n_0547.hjs,5.069,21.4175,116.55,24.875,28.91,7.460390528
modelo_n_0548.hjs,19.325,49.5775,214.35,42.375,21.41,5.105056368
modelo_n_0549.hjs,67.439,24.6625,189.45,49.275,15.05,4.878705986
modelo_n_0550.hjs,19.523,24.3325,131.25,13.775,12.31,4.662118527
modelo_n_0551.hjs,173.765,48.5325,196.35,26.475,19.49,1.085426772
modelo_n_0552.hjs,183.863,48.6975,114.45,28.775,28.69,0.824521369
modelo_n_0553.hjs,103.475,31.3725,185.25,24.125,14.33,1.997951221
modelo_n_0554.hjs,195.941,51.0075,238.65,40.475,19.57,1.479243462
modelo_n_0555.hjs,154.757,40.7775,147.75,16.425,22.57,0.809611638
modelo_n_0556.hjs,103.871,49.0825,4.65,45.325,10.99,1.019044037
modelo_n_0557.hjs,93.773,44.6825,82.05,45.925,23.97,1.654327216
modelo_n_0558.hjs,190.793,17.8975,275.55,10.775,22.23,1.324004056
modelo_n_0559.hjs,56.549,8.6575,72.75,49.775,23.13,9.139285774
modelo_n_0560.hjs,131.591,30.9875,50.85,15.425,16.43,0.789193497
modelo_n_0561.hjs,93.377,5.6325,157.65,5.175,15.71,2.701771566
modelo_n_0562.hjs,192.377,14.5425,109.95,23.375,16.25,2.292659045
modelo_n_0563.hjs,126.245,16.4675,70.35,41.875,29.35,3.529961384
modelo_n_0564.hjs,88.823,16.3025,220.35,47.925,22.55,5.572788239
modelo_n_0565.hjs,100.109,58.7625,59.55,5.725,22.99,0.306510463
modelo_n_0566.hjs,137.729,11.4625,210.75,3.725,10.39,1.759857173
modelo_n_0567.hjs,54.965,16.3575,247.35,20.425,20.87,3.465724313
modelo_n_0568.hjs,29.819,22.2425,161.25,5.025,23.07,1.968481695
modelo_n_0569.hjs,4.277,28.5125,6.15,14.125,17.29,1.295170947
modelo_n_0570.hjs,3.089,20.2625,80.25,12.375,22.41,9.023130952
modelo_n_0571.hjs,10.613,32.4175,105.15,20.275,27.33,3.462155513
modelo_n_0572.hjs,13.187,17.5125,26.55,41.425,12.93,4.900283169
modelo_n_0573.hjs,118.919,8.1075,140.55,1.025,23.85,0.731633079
modelo_n_0574.hjs,24.671,16.1925,246.75,29.825,10.43,10.13168181
modelo_n_0575.hjs,123.077,8.2175,72.45,10.625,20.83,1.795330164
modelo_n_0576.hjs,19.127,28.4025,239.55,18.525,26.83,4.276336905
modelo_n_0577.hjs,136.145,57.3875,209.25,36.175,12.33,1.68046538
modelo_n_0578.hjs,62.687,21.1425,43.05,16.625,19.13,1.283948755
modelo_n_0579.hjs,56.351,44.9025,103.95,41.225,27.79,1.741006817
modelo_n_0580.hjs,119.513,46.9375,68.55,20.025,27.93,0.630503053
modelo_n_0581.hjs,71.399,29.2825,260.55,12.025,18.99,1.955728244
modelo_n_0582.hjs,174.161,38.3025,127.05,36.375,13.07,1.695217687
modelo_n_0583.hjs,83.675,18.9975,193.65,17.575,14.43,2.546032066
modelo_n_0584.hjs,7.049,9.0425,240.15,22.725,28.73,16.05727843
modelo_n_0585.hjs,66.251,46.1675,28.05,16.375,19.35,0.565464775
modelo_n_0586.hjs,140.897,43.3625,12.15,4.325,21.59,0.139096565
modelo_n_0587.hjs,9.029,25.4325,60.15,25.075,16.21,4.471797774
modelo_n_0588.hjs,161.687,27.0825,253.35,8.175,27.59,0.834956864
modelo_n_0589.hjs,131.987,41.1625,222.45,25.975,18.23,1.504028239
modelo_n_0590.hjs,109.613,28.1275,9.15,28.025,21.95,1.12078133
modelo_n_0591.hjs,181.685,31.3175,37.95,6.875,10.95,0.421462499
modelo_n_0592.hjs,46.847,58.1025,232.35,42.825,13.11,4.445508765
modelo_n_0593.hjs,108.623,5.1375,226.35,36.225,16.97,10.81424513
modelo_n_0594.hjs,182.279,37.2025,22.95,38.825,10.79,1.334993867
modelo_n_0595.hjs,123.869,14.3775,197.85,3.975,10.51,1.593116407
modelo_n_0596.hjs,52.985,13.8275,137.25,47.625,10.47,7.790812194
modelo_n_0597.hjs,13.979,50.5675,66.75,42.875,13.05,3.876904373
modelo_n_0598.hjs,105.851,28.7325,62.55,36.075,25.99,1.777059153
modelo_n_0599.hjs,30.413,57.4975,93.45,39.625,10.11,3.558823698
modelo_n_0600.hjs,116.345,13.8825,2.85,29.325,14.39,2.362999155
modelo_n_0601.hjs,89.417,16.5775,288.45,1.525,13.71,1.882885674
modelo_n_0602.hjs,89.615,43.3075,126.75,9.575,28.83,0.626804818
modelo_n_0603.hjs,33.383,33.0775,101.25,45.225,28.29,2.932339535
modelo_n_0604.hjs,109.217,59.8075,196.65,9.825,28.09,0.743530277
modelo_n_0605.hjs,165.845,7.4475,262.65,9.275,20.69,2.381672406
modelo_n_0606.hjs,112.583,32.9675,154.95,45.525,25.73,2.421842448
modelo_n_0607.hjs,123.671,33.5175,255.15,16.975,19.69,1.452768111
modelo_n_0608.hjs,193.763,25.9825,60.75,49.075,14.35,2.883331087
modelo_n_0609.hjs,164.657,41.1075,13.65,0.475,22.09,0.041274874
modelo_n_0610.hjs,11.603,25.7625,119.55,30.575,25.23,4.830278575
modelo_n_0611.hjs,170.201,18.9425,73.65,3.175,26.91,0.348219563
modelo_n_0612.hjs,79.121,27.6875,275.25,9.225,29.49,1.325167272
modelo_n_0613.hjs,97.139,18.0075,214.95,5.225,12.81,1.680591161
modelo_n_0614.hjs,173.369,39.6775,89.55,11.375,22.93,0.512190108
modelo_n_0615.hjs,98.723,5.6875,64.95,7.175,23.45,1.809822355
modelo_n_0616.hjs,97.931,7.9975,28.65,46.725,25.07,8.03608553
modelo_n_0617.hjs,80.309,45.7825,58.95,38.175,10.09,1.647370598
modelo_n_0618.hjs,99.515,43.6375,179.55,19.875,15.95,1.39291034
modelo_n_0619.hjs,192.179,38.8525,269.55,15.325,27.75,0.871368472
modelo_n_0620.hjs,96.149,34.1775,98.55,39.375,10.07,2.450507097
modelo_n_0621.hjs,189.209,49.7425,157.05,28.225,14.97,1.08953224
modelo_n_0622.hjs,129.809,35.4425,8.55,32.475,28.87,0.9826532
modelo_n_0623.hjs,45.461,45.6175,184.35,39.425,20.07,2.686818107
modelo_n_0624.hjs,167.825,36.7075,5.85,17.125,15.13,0.481282001
modelo_n_0625.hjs,130.997,58.5425,80.55,30.275,24.29,0.728127952
modelo_n_0626.hjs,114.365,27.6325,188.85,8.375,29.43,0.829821261
modelo_n_0627.hjs,77.339,37.7525,126.45,24.525,27.87,1.274721417
modelo_n_0628.hjs,102.683,6.5125,23.55,28.575,26.95,5.102067572
modelo_n_0629.hjs,31.007,44.2975,211.95,16.275,19.91,3.006723551
modelo_n_0630.hjs,184.853,22.4075,79.35,12.575,17.31,0.89505722
modelo_n_0631.hjs,25.661,35.2225,75.45,49.125,15.83,3.721837921
modelo_n_0632.hjs,90.605,20.4825,24.15,26.125,27.43,1.557765212
modelo_n_0633.hjs,140.303,49.5225,158.85,15.575,17.05,0.850337776
modelo_n_0634.hjs,77.537,5.3025,164.55,16.225,11.87,6.391909735
modelo_n_0635.hjs,61.301,18.3925,256.65,45.075,20.37,5.644633835
modelo_n_0636.hjs,189.605,58.7075,172.65,37.825,10.41,1.41323918
modelo_n_0637.hjs,138.521,6.8425,277.95,30.825,22.19,6.670857054
modelo_n_0638.hjs,53.183,57.9375,115.35,8.475,13.35,1.890690017
modelo_n_0639.hjs,7.841,50.4575,229.65,49.375,17.19,17.75725983
modelo_n_0640.hjs,176.537,12.3425,252.45,28.075,12.53,4.049961944
modelo_n_0641.hjs,150.797,37.4225,121.65,45.975,11.83,2.332677391
modelo_n_0642.hjs,65.063,40.7225,153.15,21.925,16.79,1.716048503
modelo_n_0643.hjs,78.131,25.3225,88.05,1.625,12.11,0.736761744
modelo_n_0644.hjs,161.291,45.2875,262.35,40.525,26.33,1.658296802
modelo_n_0645.hjs,143.075,8.6025,215.85,24.725,21.27,4.26613271
modelo_n_0646.hjs,91.595,33.7375,194.55,44.975,24.13,2.691843665
modelo_n_0647.hjs,123.473,11.3525,151.95,11.675,28.33,1.660754806
modelo_n_0648.hjs,142.679,10.4175,280.65,2.175,12.37,1.816992691
modelo_n_0649.hjs,72.785,43.6925,210.45,24.625,22.77,1.644914589
modelo_n_0650.hjs,49.619,31.8125,125.25,23.275,17.27,2.104826397
modelo_n_0651.hjs,65.657,58.3225,107.25,22.925,19.83,1.046090472
modelo_n_0652.hjs,93.575,21.6925,263.85,40.375,18.69,4.05338869
modelo_n_0653.hjs,80.111,42.2625,26.85,15.925,27.91,0.506047558
modelo_n_0654.hjs,89.813,56.3425,207.45,11.775,22.83,1.089618338
modelo_n_0655.hjs,151.193,52.8225,237.15,32.575,27.99,1.147959947
modelo_n_0656.hjs,145.253,42.8675,217.05,12.825,24.95,0.802995656
modelo_n_0657.hjs,118.721,8.8225,122.55,0.875,22.25,0.631202631
modelo_n_0658.hjs,118.127,46.8275,128.55,46.025,20.17,1.754491946
modelo_n_0659.hjs,21.305,15.0925,173.55,28.375,19.51,6.080940148
modelo_n_0660.hjs,162.281,51.2825,284.55,46.775,20.97,1.888894691
modelo_n_0661.hjs,184.655,10.2525,204.15,30.475,20.45,4.284600612
modelo_n_0662.hjs,26.057,33.0225,24.75,14.525,15.45,1.035112289
modelo_n_0663.hjs,185.447,43.0325,197.25,42.275,29.73,1.556031977
modelo_n_0664.hjs,148.817,44.7925,94.95,5.375,16.53,0.418967461
modelo_n_0665.hjs,166.637,36.4875,287.55,14.875,27.97,0.983550409
modelo_n_0666.hjs,140.699,59.8625,218.25,44.125,19.89,1.491064458
modelo_n_0667.hjs,162.677,5.5775,64.05,4.625,22.67,1.172526445
modelo_n_0668.hjs,136.541,9.8675,172.35,31.475,15.07,4.955683453
modelo_n_0669.hjs,110.603,53.4825,221.55,44.175,21.91,1.772471644
modelo_n_0670.hjs,150.599,35.8825,139.65,25.125,27.41,1.127158055
modelo_n_0671.hjs,79.517,58.3775,251.55,7.925,11.05,3.426096637
modelo_n_0672.hjs,176.141,42.0975,181.35,3.625,11.13,0.794065658
modelo_n_0673.hjs,197.129,44.0775,4.95,18.575,24.89,0.387636404
modelo_n_0674.hjs,168.419,50.0725,168.15,14.775,11.43,0.97036675
modelo_n_0675.hjs,124.463,48.9725,198.15,48.475,23.05,1.919906831
modelo_n_0676.hjs,199.307,44.9575,99.75,41.675,28.21,1.250232997
modelo_n_0677.hjs,179.507,28.2925,10.65,11.875,17.33,0.473585705
modelo_n_0678.hjs,187.031,36.8725,109.05,0.925,12.79,0.355707734
modelo_n_0679.hjs,105.455,18.1725,134.25,48.075,16.03,4.768291473
modelo_n_0680.hjs,121.097,28.2375,271.65,13.375,11.01,2.139398397
modelo_n_0681.hjs,99.119,41.8225,167.55,2.275,26.89,0.529365847
modelo_n_0682.hjs,172.379,6.0175,41.25,28.825,13.27,5.782380992
modelo_n_0683.hjs,94.169,57.4425,84.15,15.475,17.15,0.675864299
modelo_n_0684.hjs,147.629,16.4125,2.55,20.125,28.23,1.282400433
modelo_n_0685.hjs,184.259,21.2525,138.15,35.175,27.17,2.361867785
modelo_n_0686.hjs,69.023,48.4225,246.15,7.275,11.79,2.832494458
modelo_n_0687.hjs,172.973,48.4775,9.75,29.625,27.77,0.577501291
modelo_n_0688.hjs,82.883,29.9975,59.85,22.325,19.03,1.236025698
modelo_n_0689.hjs,63.479,33.4625,47.25,19.075,28.45,0.894986648
modelo_n_0690.hjs,150.005,39.6225,225.45,21.425,14.05,1.486886882
modelo_n_0691.hjs,46.055,12.0675,188.55,48.775,16.01,8.927352641
modelo_n_0692.hjs,135.353,12.1225,290.85,45.675,12.83,7.333451103
modelo_n_0693.hjs,3.287,59.1475,268.65,13.625,20.93,50.02777807
modelo_n_0694.hjs,61.103,5.0825,207.75,32.125,29.77,9.527614412
modelo_n_0695.hjs,160.301,35.3875,175.95,10.375,11.29,1.091940477
modelo_n_0696.hjs,77.735,9.0975,170.85,27.225,25.21,4.650145761
modelo_n_0697.hjs,76.547,45.9475,92.85,43.475,26.15,1.608053693
modelo_n_0698.hjs,192.971,43.1975,258.45,1.075,14.77,0.73073648
modelo_n_0699.hjs,110.999,35.0575,40.05,35.375,23.33,1.337111088
modelo_n_0700.hjs,71.993,49.9075,207.15,3.375,22.27,1.196591562
modelo_n_0701.hjs,179.903,43.1425,176.55,18.075,24.63,0.801487572
modelo_n_0702.hjs,181.883,36.2675,15.75,32.775,19.25,1.014250463
modelo_n_0703.hjs,194.753,31.9775,281.85,21.875,17.91,1.523715666
modelo_n_0704.hjs,166.043,15.2025,19.65,7.475,16.59,0.6251596
modelo_n_0705.hjs,21.899,15.8075,213.45,25.875,24.23,5.539560731
modelo_n_0706.hjs,125.255,10.4725,257.55,25.275,27.51,3.760433034
modelo_n_0707.hjs,10.415,24.9375,254.85,8.775,24.05,7.447445551
modelo_n_0708.hjs,97.337,37.0925,283.65,36.275,12.51,3.143853606
modelo_n_0709.hjs,55.163,20.8675,65.25,0.075,16.91,0.487302636
modelo_n_0710.hjs,55.559,9.5925,176.85,6.775,11.15,3.828005371
modelo_n_0711.hjs,156.737,55.6275,229.35,28.125,26.55,0.981049334
modelo_n_0712.hjs,105.059,44.2425,153.75,24.175,15.11,1.396784593
modelo_n_0713.hjs,81.893,9.4275,74.55,41.575,11.03,6.952012112
modelo_n_0714.hjs,59.915,10.3625,244.95,42.575,14.63,8.795383354
modelo_n_0715.hjs,4.673,15.0375,195.75,45.475,16.87,24.76729805
modelo_n_0716.hjs,99.317,21.9675,22.05,34.725,21.65,2.005346722
modelo_n_0717.hjs,193.565,25.6525,62.85,26.325,14.15,1.44452182
modelo_n_0718.hjs,81.299,53.9775,236.85,10.925,29.37,1.049920859
modelo_n_0719.hjs,186.437,10.1425,181.95,30.425,16.09,4.404122647
modelo_n_0720.hjs,6.257,58.1575,82.65,10.225,27.13,6.376666303
modelo_n_0721.hjs,75.953,34.0675,104.85,13.575,21.29,1.003717969
modelo_n_0722.hjs,148.421,6.1825,14.25,41.475,11.99,8.539389954
modelo_n_0723.hjs,152.777,45.7275,171.15,4.725,26.67,0.424564769
modelo_n_0724.hjs,180.893,14.9825,120.15,49.725,25.55,5.105228586
modelo_n_0725.hjs,36.947,13.4975,104.25,12.625,15.63,2.750081595
modelo_n_0726.hjs,51.203,24.1125,116.25,12.675,27.95,1.337651797
modelo_n_0727.hjs,171.389,10.7475,98.85,3.875,21.45,0.693965948
modelo_n_0728.hjs,183.071,24.5525,99.45,24.975,28.17,1.382923729
modelo_n_0729.hjs,64.469,34.2325,244.35,25.175,27.25,2.046493598
modelo_n_0730.hjs,100.703,33.2425,208.05,21.275,15.57,1.856076728
modelo_n_0731.hjs,17.543,17.4575,93.15,0.325,19.73,1.9855093
modelo_n_0732.hjs,47.441,37.5325,205.95,2.375,18.45,1.777526717
modelo_n_0733.hjs,131.789,59.7525,234.45,2.225,21.05,1.040048897
modelo_n_0734.hjs,32.591,48.3125,248.55,25.525,27.23,2.728740681
modelo_n_0735.hjs,80.903,42.7025,43.95,13.325,11.75,0.720278142
modelo_n_0736.hjs,174.359,39.4025,35.85,27.725,22.49,0.841564901
modelo_n_0737.hjs,121.493,54.7475,126.15,49.325,27.35,1.444657443
modelo_n_0738.hjs,25.067,59.3125,226.95,5.425,12.45,9.254367363
modelo_n_0739.hjs,94.961,34.8925,136.65,26.425,11.23,1.991637538
modelo_n_0740.hjs,34.967,39.5675,75.75,17.525,20.19,1.353911764
modelo_n_0741.hjs,28.829,28.7875,177.75,39.775,17.25,4.886626716
modelo_n_0742.hjs,76.349,17.4025,219.75,49.825,20.79,5.881290119
modelo_n_0743.hjs,37.541,21.7475,77.55,26.375,11.53,3.141128925
modelo_n_0744.hjs,115.751,37.5875,113.85,14.625,29.27,0.732028787
modelo_n_0745.hjs,54.371,51.8325,173.25,47.475,26.41,2.191423576
modelo_n_0746.hjs,39.917,57.7175,13.95,2.875,13.57,0.283021764
modelo_n_0747.hjs,195.743,31.8675,30.75,10.525,18.01,0.444266889
modelo_n_0748.hjs,176.933,31.9225,218.85,22.675,10.75,1.831774102
modelo_n_0749.hjs,15.167,10.9675,96.45,38.775,13.73,9.51087499
modelo_n_0750.hjs,48.629,49.6325,63.15,20.875,18.29,1.017211676
modelo_n_0751.hjs,48.827,37.6975,50.55,40.875,25.95,1.757476117
modelo_n_0752.hjs,157.133,13.0025,144.45,7.525,11.85,1.409991083
modelo_n_0753.hjs,111.593,12.8925,57.75,47.275,23.41,5.363178717
modelo_n_0754.hjs,188.615,14.8725,242.85,27.825,16.63,3.142797435
modelo_n_0755.hjs,121.889,51.2275,14.85,17.325,14.03,0.403682537
modelo_n_0756.hjs,44.471,53.2625,43.65,15.725,27.55,0.588996929
modelo_n_0757.hjs,47.243,55.7925,122.85,26.625,15.81,1.839382444
modelo_n_0758.hjs,178.121,5.5225,230.25,13.175,22.35,3.55269177
modelo_n_0759.hjs,171.191,14.7625,117.15,5.875,27.69,0.71250859
modelo_n_0760.hjs,124.067,31.4825,243.45,18.925,24.87,1.39517599
modelo_n_0761.hjs,120.899,5.4675,25.65,17.225,27.31,3.512092105
modelo_n_0762.hjs,79.913,54.0875,112.05,15.075,26.69,0.692486374
modelo_n_0763.hjs,78.527,41.8775,11.85,41.025,18.95,1.183594942
modelo_n_0764.hjs,14.177,31.7025,287.25,27.425,12.91,12.15584283
modelo_n_0765.hjs,11.207,36.5975,107.55,44.675,29.89,4.323447862
modelo_n_0766.hjs,142.481,54.4725,164.85,14.825,21.61,0.687141305
modelo_n_0767.hjs,185.051,24.3875,108.45,31.325,26.73,1.772427549
modelo_n_0768.hjs,17.147,23.3975,155.85,48.125,28.15,6.106586076
modelo_n_0769.hjs,60.707,26.8625,46.05,32.025,15.87,1.95599927
modelo_n_0770.hjs,72.191,43.9125,171.45,15.175,18.89,1.321143026
modelo_n_0771.hjs,47.837,29.6675,88.65,34.925,23.75,2.25322681
modelo_n_0772.hjs,35.957,14.1575,257.25,40.325,10.29,10.22661773
modelo_n_0773.hjs,91.001,29.1725,222.75,40.425,29.15,2.675115094
modelo_n_0774.hjs,135.749,49.9625,219.45,11.825,28.65,0.680804921
modelo_n_0775.hjs,119.711,5.7425,8.85,33.425,16.39,6.80511018
modelo_n_0776.hjs,101.891,14.8175,54.15,35.575,13.51,3.492999412
modelo_n_0777.hjs,142.085,56.1775,150.45,14.675,12.05,0.980119372
modelo_n_0778.hjs,39.125,8.3275,17.25,41.075,16.29,6.730138207
modelo_n_0779.hjs,119.117,17.8425,46.65,40.725,13.19,3.327602764
modelo_n_0780.hjs,81.101,26.0925,44.25,9.025,14.55,0.742266284
modelo_n_0781.hjs,94.565,59.4225,20.55,29.225,28.75,0.500307318
modelo_n_0782.hjs,15.365,13.5525,147.45,47.675,26.51,8.994206037
modelo_n_0783.hjs,169.409,45.5625,61.65,37.325,10.85,1.267047329
modelo_n_0784.hjs,120.503,52.6025,114.15,39.575,23.39,1.212700262
modelo_n_0785.hjs,4.871,54.2525,112.35,2.125,18.55,15.17612929
modelo_n_0786.hjs,133.373,8.9325,224.85,22.475,14.25,4.347170133
modelo_n_0787.hjs,102.089,9.2625,65.85,20.675,28.89,2.81786064
modelo_n_0788.hjs,66.647,48.0375,89.85,14.925,27.83,0.720139131
modelo_n_0789.hjs,158.915,11.7925,274.95,15.825,22.29,2.394981884
modelo_n_0790.hjs,32.789,53.1525,93.75,32.925,19.37,1.839155321
modelo_n_0791.hjs,58.925,15.2575,41.55,15.775,25.43,1.49592065
modelo_n_0792.hjs,185.843,35.8275,276.75,32.375,28.05,1.596866124
modelo_n_0793.hjs,139.511,29.2275,82.35,8.525,23.47,0.564305991
modelo_n_0794.hjs,33.779,23.3425,193.05,47.025,16.37,6.198983374
modelo_n_0795.hjs,28.037,53.5375,227.55,21.675,29.07,2.943272817
modelo_n_0796.hjs,82.091,12.5625,92.55,3.525,22.85,0.787502502
modelo_n_0797.hjs,64.073,5.4125,199.35,36.475,19.47,11.0305152
modelo_n_0798.hjs,141.293,17.1825,140.25,11.975,17.55,1.373496535
modelo_n_0799.hjs,162.479,12.6175,174.15,32.975,24.79,3.752866739
modelo_n_0800.hjs,58.529,29.1175,172.95,48.825,27.47,3.544677091
modelo_n_0801.hjs,38.333,56.9475,186.75,43.375,20.61,2.810197996
modelo_n_0802.hjs,67.835,47.2675,104.55,13.425,27.05,0.748631358
modelo_n_0803.hjs,57.143,5.0275,203.85,34.475,16.71,12.13384303
modelo_n_0804.hjs,150.401,36.7625,256.05,30.125,12.19,2.175476711
modelo_n_0805.hjs,22.889,32.0325,146.25,43.025,14.57,5.424311775
modelo_n_0806.hjs,176.339,5.9075,190.95,38.375,18.05,9.092636919
modelo_n_0807.hjs,104.465,19.8775,175.65,20.225,21.21,1.998229686
modelo_n_0808.hjs,112.781,42.5925,54.45,36.925,24.03,1.189290499
modelo_n_0809.hjs,22.097,13.3875,259.65,4.225,14.73,7.04037416
modelo_n_0810.hjs,96.347,41.6025,261.75,42.625,17.07,2.703471684
modelo_n_0811.hjs,13.781,29.3375,148.65,1.925,21.33,3.522216429
modelo_n_0812.hjs,60.113,46.4425,108.15,40.075,19.61,1.856974229
modelo_n_0813.hjs,160.499,41.3825,177.15,2.675,10.83,0.841310557
modelo_n_0814.hjs,2.495,33.9575,147.15,41.275,13.83,31.47207516
modelo_n_0815.hjs,138.125,12.8375,52.05,33.625,15.27,3.503084267
modelo_n_0816.hjs,196.535,20.7025,272.85,21.125,12.49,2.282797511
modelo_n_0817.hjs,16.355,35.6075,33.75,0.275,12.69,1.169960224
modelo_n_0818.hjs,98.921,11.5175,163.65,40.825,16.77,5.944120334
modelo_n_0819.hjs,112.979,11.1875,124.35,34.125,16.95,4.619872456
modelo_n_0820.hjs,12.395,27.4125,228.45,26.975,22.33,7.332842328
modelo_n_0821.hjs,56.945,33.3525,202.65,33.375,17.67,2.965875525
modelo_n_0822.hjs,132.185,30.7125,151.35,32.075,17.83,1.912602382
modelo_n_0823.hjs,34.373,38.5225,101.85,33.875,28.27,1.996336839
modelo_n_0824.hjs,120.107,52.1625,61.95,22.225,11.41,0.819057255
modelo_n_0825.hjs,146.243,30.4925,103.65,8.875,26.49,0.574286852
modelo_n_0826.hjs,16.751,52.2175,189.75,30.175,28.25,4.284122652
modelo_n_0827.hjs,151.391,37.1475,299.55,15.675,14.91,1.517542872
modelo_n_0828.hjs,146.045,31.1525,186.45,22.625,27.65,1.291199716
modelo_n_0829.hjs,11.801,39.8425,146.55,5.625,12.29,7.777081165
modelo_n_0830.hjs,101.099,55.3525,136.05,11.325,18.93,0.790834654
modelo_n_0831.hjs,20.315,6.6225,94.05,20.175,25.25,6.078224836
modelo_n_0832.hjs,154.955,20.7575,165.45,16.675,22.21,1.425823853
modelo_n_0833.hjs,64.271,30.0525,296.25,13.825,14.69,2.875405885
modelo_n_0834.hjs,149.213,51.9975,63.45,13.975,19.67,0.452372431
modelo_n_0835.hjs,181.289,21.8025,148.95,44.575,25.17,3.139929885
modelo_n_0836.hjs,87.437,41.7125,1.65,2.925,26.85,0.073853974
modelo_n_0837.hjs,27.443,24.6075,295.95,27.325,16.61,6.369580682
modelo_n_0838.hjs,137.531,26.4225,211.05,44.475,14.95,3.397297533
modelo_n_0839.hjs,121.691,27.7975,247.95,0.575,27.49,0.534214588
modelo_n_0840.hjs,40.709,38.6875,291.45,38.275,25.37,3.515581785
modelo_n_0841.hjs,182.081,18.2275,132.15,1.725,16.49,0.458187429
modelo_n_0842.hjs,121.295,50.7875,5.25,25.675,17.21,0.47210424
modelo_n_0843.hjs,107.435,50.6225,250.95,13.275,15.53,1.502200139
modelo_n_0844.hjs,127.235,45.4525,276.15,36.825,22.03,1.818590371
modelo_n_0845.hjs,49.817,46.8825,111.15,47.225,23.69,2.16735353
modelo_n_0846.hjs,170.993,51.3375,283.35,40.575,17.71,1.726761468
modelo_n_0847.hjs,42.095,27.8525,46.35,33.125,26.31,1.893874586
modelo_n_0848.hjs,137.135,48.8625,123.15,4.575,14.41,0.593373307
modelo_n_0849.hjs,51.005,32.2525,10.05,34.325,16.89,1.350378575
modelo_n_0850.hjs,183.269,41.9325,102.15,20.625,23.21,0.755607852
modelo_n_0851.hjs,90.803,22.9575,142.65,38.025,11.19,3.595524106
modelo_n_0852.hjs,163.865,43.5275,192.15,23.325,18.67,1.133773596
modelo_n_0853.hjs,71.003,22.6275,202.35,18.775,29.03,1.899345899
modelo_n_0854.hjs,52.589,43.7475,279.45,44.525,14.99,4.114579598
modelo_n_0855.hjs,51.995,42.9775,193.95,9.625,24.27,1.378697126
modelo_n_0856.hjs,88.625,11.8475,236.25,48.325,14.59,8.17707985
modelo_n_0857.hjs,124.859,33.8475,57.15,40.675,28.55,1.636749393
modelo_n_0858.hjs,155.747,50.9525,105.75,34.775,23.57,1.004404353
modelo_n_0859.hjs,102.881,59.4775,39.75,47.525,21.37,1.02071971
modelo_n_0860.hjs,70.805,49.3025,280.35,26.175,16.11,2.5185495
modelo_n_0861.hjs,104.861,33.9025,180.75,9.725,28.13,0.827391277
modelo_n_0862.hjs,163.469,13.4425,31.95,40.125,23.99,3.818063136
modelo_n_0863.hjs,188.021,22.0775,53.25,28.475,12.85,1.765527821
modelo_n_0864.hjs,31.601,27.9625,3.45,39.175,18.71,1.726912612
modelo_n_0865.hjs,183.665,40.3375,11.25,42.125,18.15,1.193161436
modelo_n_0866.hjs,177.527,48.8075,284.85,30.675,27.73,1.19896601
modelo_n_0867.hjs,190.397,13.7725,12.45,16.075,12.73,1.327416243
modelo_n_0868.hjs,111.395,53.6475,269.25,10.725,24.91,1.002943484
modelo_n_0869.hjs,174.755,59.0375,61.35,37.125,14.51,0.848400773
modelo_n_0870.hjs,83.279,50.1275,90.15,26.875,17.77,1.089257089
modelo_n_0871.hjs,144.263,19.9325,94.35,44.775,12.23,3.729786431
modelo_n_0872.hjs,129.611,43.0875,231.15,30.375,15.41,1.779791966
modelo_n_0873.hjs,75.161,59.5325,123.45,4.475,15.17,1.280904489
modelo_n_0874.hjs,166.439,25.0475,161.85,18.825,21.79,1.319029483
modelo_n_0875.hjs,27.245,12.1775,64.35,36.675,20.11,5.268530624
modelo_n_0876.hjs,74.567,26.0375,229.95,26.825,19.59,2.67380647
modelo_n_0877.hjs,95.753,40.8875,13.35,9.125,26.47,0.277545179
modelo_n_0878.hjs,128.819,6.1275,34.95,5.575,15.89,1.238420571
modelo_n_0879.hjs,123.275,38.4125,92.25,10.125,25.65,0.542447309
modelo_n_0880.hjs,189.803,13.2225,78.45,16.725,17.41,1.719095406
modelo_n_0881.hjs,18.533,51.5575,166.95,29.375,23.15,4.13190279
modelo_n_0882.hjs,69.419,7.0075,258.75,29.025,16.45,8.060548072
modelo_n_0883.hjs,45.659,6.2925,201.45,30.525,18.81,9.306219436
modelo_n_0884.hjs,139.907,11.1325,91.65,12.475,24.77,1.579777123
modelo_n_0885.hjs,41.897,6.4025,52.95,25.225,13.47,5.921745583
modelo_n_0886.hjs,18.335,23.7825,265.95,49.875,26.27,8.086394064
modelo_n_0887.hjs,149.807,6.8975,4.05,47.775,11.67,9.278968894
modelo_n_0888.hjs,182.477,22.5725,204.75,22.425,11.65,2.116709681
modelo_n_0889.hjs,42.491,55.9025,285.75,40.275,26.17,2.921080523
modelo_n_0890.hjs,34.571,52.5475,185.55,43.075,29.09,2.459645676
modelo_n_0891.hjs,77.141,33.1875,198.45,2.525,27.07,0.763750025
modelo_n_0892.hjs,73.973,58.9825,68.25,17.475,27.11,0.559464202
modelo_n_0893.hjs,133.175,49.6875,266.25,32.525,26.03,1.381901635
modelo_n_0894.hjs,79.715,23.4525,274.65,10.425,21.99,1.78248006
modelo_n_0895.hjs,25.265,25.8175,255.45,16.825,12.21,6.725430768
modelo_n_0896.hjs,18.929,39.7325,222.15,8.975,23.59,3.927867927
modelo_n_0897.hjs,160.895,46.7175,278.25,0.525,19.01,0.797042252
modelo_n_0898.hjs,110.009,38.0275,110.55,48.175,20.05,2.234982693
modelo_n_0899.hjs,58.133,41.2175,139.05,8.025,24.25,0.945392743
modelo_n_0900.hjs,156.143,32.5275,216.75,47.125,19.07,2.766085559
modelo_n_0901.hjs,27.641,25.2675,135.45,9.925,21.39,2.202712708
modelo_n_0902.hjs,187.823,21.5825,19.05,22.075,25.11,1.151873756
modelo_n_0903.hjs,111.989,12.5075,182.85,4.975,21.25,1.178323925
modelo_n_0904.hjs,66.845,43.5825,135.75,41.125,17.75,2.190571471
modelo_n_0905.hjs,198.317,22.8475,110.85,48.525,14.81,3.456109174
modelo_n_0906.hjs,175.745,55.2975,293.25,21.825,23.03,0.972348985
modelo_n_0907.hjs,190.199,29.6125,264.15,10.975,26.39,0.886227781
modelo_n_0908.hjs,183.467,22.1325,134.85,39.325,23.55,2.632290515
modelo_n_0909.hjs,56.747,34.8375,261.15,42.425,14.85,4.217399253
modelo_n_0910.hjs,177.329,32.1975,145.05,35.825,22.05,1.745243125
modelo_n_0911.hjs,166.835,17.2375,258.15,37.625,29.69,3.418763009
modelo_n_0912.hjs,33.977,37.3675,238.05,0.175,22.97,0.9084418
modelo_n_0913.hjs,30.017,8.4925,48.75,17.275,18.25,3.401141768
modelo_n_0914.hjs,178.715,34.3975,136.35,25.925,14.29,1.383703532
modelo_n_0915.hjs,160.697,20.2075,29.85,41.825,13.29,2.81924086
modelo_n_0916.hjs,195.545,9.7575,183.45,14.075,15.49,2.342654246
modelo_n_0917.hjs,157.529,52.0525,133.65,37.525,25.67,1.095794036
modelo_n_0918.hjs,23.087,48.0925,177.45,29.775,14.37,5.005361092
modelo_n_0919.hjs,128.423,22.7925,21.45,22.575,29.57,1.150497929
modelo_n_0920.hjs,43.679,49.4125,181.05,34.175,21.15,2.311674062
modelo_n_0921.hjs,109.415,57.6075,282.15,17.925,15.21,1.950963082
modelo_n_0922.hjs,180.497,18.1175,34.65,7.025,29.85,0.499393951
modelo_n_0923.hjs,48.233,15.7525,51.75,31.525,12.63,3.44044688
modelo_n_0924.hjs,35.759,51.6125,231.45,28.325,22.95,2.875163977
modelo_n_0925.hjs,80.507,57.1675,127.35,20.825,28.19,0.808974205
modelo_n_0926.hjs,177.131,27.3025,226.05,26.225,11.37,2.198902438
modelo_n_0927.hjs,59.123,20.0975,40.35,23.025,24.83,1.639022408
modelo_n_0928.hjs,145.055,16.9625,213.15,27.925,26.87,2.606500589
modelo_n_0929.hjs,172.577,45.8925,174.75,28.425,11.81,1.41436811
modelo_n_0930.hjs,62.489,39.5125,137.55,0.375,20.47,0.813260932
modelo_n_0931.hjs,6.455,58.9275,193.35,48.925,23.83,17.3155114
modelo_n_0932.hjs,29.225,15.6975,9.45,32.275,26.19,2.584186031
modelo_n_0933.hjs,97.535,32.9125,124.95,41.325,22.71,2.203570687
modelo_n_0934.hjs,87.635,37.9725,238.95,39.675,16.33,2.788513717
modelo_n_0935.hjs,144.659,34.7275,101.55,10.675,14.11,0.76657457
modelo_n_0936.hjs,172.181,19.2175,81.75,42.225,22.39,3.114564449
modelo_n_0937.hjs,184.061,27.1925,221.85,43.725,18.73,2.867707635
modelo_n_0938.hjs,65.855,17.7325,15.15,2.075,22.01,0.236709699
modelo_n_0939.hjs,17.741,47.9825,29.25,49.975,23.53,2.040908672
modelo_n_0940.hjs,67.043,17.2925,34.35,18.175,17.89,1.53141419
modelo_n_0941.hjs,194.357,54.5825,151.65,44.225,21.23,1.264777822
modelo_n_0942.hjs,80.705,44.6275,45.45,34.625,19.19,1.161842744
modelo_n_0943.hjs,91.199,16.0825,74.25,46.975,10.89,5.081747315
modelo_n_0944.hjs,149.015,7.5575,125.85,4.075,10.55,1.617331127
modelo_n_0945.hjs,98.525,46.4975,84.45,7.875,10.23,0.821251239
modelo_n_0946.hjs,171.785,26.9175,66.45,19.125,24.97,0.962347667
modelo_n_0947.hjs,16.553,58.6525,39.15,6.475,18.59,1.510613766
modelo_n_0948.hjs,76.943,35.9375,236.55,37.575,19.79,2.693301535
modelo_n_0949.hjs,137.333,51.7225,140.85,41.175,17.11,1.462543373
modelo_n_0950.hjs,141.887,31.0425,228.75,12.225,10.65,1.637798374
modelo_n_0951.hjs,21.701,19.7125,65.55,2.725,19.17,1.317549412
modelo_n_0952.hjs,126.839,28.0175,45.75,29.275,12.25,1.547595329
modelo_n_0953.hjs,12.791,45.0675,190.35,49.225,14.79,9.323752717
modelo_n_0954.hjs,147.233,10.3075,136.95,14.325,15.19,2.285205198
modelo_n_0955.hjs,12.593,33.1325,84.75,35.875,15.91,4.729715582
modelo_n_0956.hjs,94.763,26.6975,228.15,11.575,15.25,1.763821301
modelo_n_0957.hjs,103.079,45.8375,298.65,43.625,10.03,3.50234195
modelo_n_0958.hjs,199.901,23.5625,247.65,6.725,10.33,1.278099222
modelo_n_0959.hjs,152.183,10.5825,280.95,49.475,26.45,7.772019271
modelo_n_0960.hjs,184.457,58.0475,67.65,10.875,26.05,0.293536251
modelo_n_0961.hjs,24.869,34.1225,217.65,49.625,13.53,7.264754115
modelo_n_0962.hjs,105.653,28.6775,31.65,13.025,25.35,0.621438448
modelo_n_0963.hjs,20.909,5.9625,139.35,37.975,24.33,12.34357087
modelo_n_0964.hjs,161.885,22.9025,25.35,0.675,14.17,0.122479544
modelo_n_0965.hjs,84.665,27.5225,80.85,28.725,29.93,1.572610739
modelo_n_0966.hjs,138.323,51.8875,205.05,15.625,18.35,0.938549063
modelo_n_0967.hjs,110.207,23.2325,237.45,9.325,22.53,1.277584771
modelo_n_0968.hjs,197.921,41.4375,106.95,11.525,21.17,0.522903446
modelo_n_0969.hjs,100.901,24.0025,143.25,22.525,20.27,1.807995194
modelo_n_0970.hjs,146.837,31.2625,83.25,45.425,27.89,2.120046941
modelo_n_0971.hjs,178.517,36.3225,168.45,16.575,16.93,0.999798304
modelo_n_0972.hjs,114.167,23.2875,100.35,32.875,29.39,2.054922093
modelo_n_0973.hjs,163.271,49.7975,173.85,5.975,11.89,0.848121348
modelo_n_0974.hjs,57.737,29.3925,266.85,6.025,25.61,1.556428075
modelo_n_0975.hjs,164.855,42.4275,225.15,10.275,27.29,0.660763989
modelo_n_0976.hjs,158.123,19.3275,145.35,24.375,14.93,2.162244108
modelo_n_0977.hjs,92.189,56.3975,152.85,48.975,22.91,1.702217104
modelo_n_0978.hjs,23.483,38.9075,155.25,10.325,11.93,4.359293723
modelo_n_0979.hjs,175.349,43.4725,224.25,21.025,23.63,0.995371313
modelo_n_0980.hjs,173.171,16.0275,158.25,16.325,22.37,1.624080061
modelo_n_0981.hjs,177.923,40.5575,1.95,40.625,14.13,1.049243492
modelo_n_0982.hjs,8.633,34.4525,75.15,37.675,11.17,7.239086628
modelo_n_0983.hjs,43.283,45.1775,267.45,48.575,14.53,4.779554626
modelo_n_0984.hjs,36.155,9.9775,85.65,39.275,22.75,6.465177971
modelo_n_0985.hjs,59.717,44.4075,19.35,21.175,18.75,0.663857858
modelo_n_0986.hjs,86.249,40.3925,154.65,3.425,28.03,0.558567831
modelo_n_0987.hjs,75.359,25.8725,11.55,19.425,21.63,0.891425162
modelo_n_0988.hjs,127.433,15.3675,196.05,49.425,26.43,5.433903768
modelo_n_0989.hjs,35.363,39.2925,35.25,32.675,13.79,1.650237735
modelo_n_0990.hjs,198.515,7.1725,118.65,7.575,18.91,1.584990077
modelo_n_0991.hjs,154.163,50.7325,187.35,36.575,21.53,1.313920489
modelo_n_0992.hjs,194.951,11.5725,57.45,19.825,28.07,2.038563023
modelo_n_0993.hjs,95.357,28.6225,3.15,42.975,15.69,1.806785328
modelo_n_0994.hjs,191.783,58.2125,239.85,11.475,14.27,1.004027936
modelo_n_0995.hjs,10.811,38.1375,273.15,30.725,20.81,9.759523294
modelo_n_0996.hjs,180.299,56.7275,163.95,23.125,25.81,0.700101865
modelo_n_0997.hjs,51.797,43.2525,180.15,0.725,18.63,1.497044382
modelo_n_0998.hjs,46.451,34.3425,218.55,19.325,27.53,2.009204516
modelo_n_0999.hjs,28.235,9.2075,279.15,16.525,17.61,8.227007936
modelo_n_1000.hjs,151.985,30.5475,44.85,15.975,23.29,0.703590472
