,H(m),Inclinação(graus),Coesao(kPa),Ângulo de atrito(graus),Peso específico (kN/m³)
0,44.273,23.6725,285.45,44.375,19.23
1,23.681,40.9425,234.15,23.425,15.55
2,74.765,17.9525,151.05,43.825,17.01
3,48.035,24.4975,52.65,19.475,23.91
4,197.525,27.5775,205.65,4.925,11.45
5,45.263,18.6675,115.65,2.825,11.57
6,134.957,38.0825,266.55,3.225,16.05
7,192.575,19.1625,53.55,18.975,26.99
8,43.085,48.2575,288.15,41.725,17.97
9,132.581,45.1225,262.95,0.225,10.05
10,155.945,55.4075,175.05,37.875,19.87
11,57.935,52.4925,226.65,23.725,15.73
12,146.441,45.3975,124.65,33.725,21.89
13,71.597,36.0475,190.65,44.825,15.03
14,86.645,53.3175,119.85,45.825,10.13
15,169.013,42.6475,208.95,31.075,25.01
16,114.563,27.2475,47.85,3.575,11.55
17,104.069,15.4775,247.05,45.625,28.31
18,104.663,20.5925,192.75,31.725,22.59
19,60.509,33.4075,32.85,6.525,11.59
20,73.181,26.8075,82.95,36.625,20.21
21,167.429,47.9275,287.85,43.125,20.75
22,147.431,47.4875,159.75,48.025,24.99
23,53.975,5.8525,271.05,34.025,21.03
24,191.387,27.9075,150.75,34.575,28.93
25,113.375,51.4475,130.05,10.175,29.17
26,198.911,34.5625,275.85,29.125,17.69
27,54.767,55.8475,220.05,31.875,23.73
28,159.905,38.9625,233.85,17.625,25.59
29,83.873,56.6175,178.05,1.225,19.81
30,159.311,21.0875,119.25,3.125,13.75
31,96.941,8.4375,27.45,11.725,27.27
32,66.053,29.5575,162.45,44.925,25.77
33,187.229,44.8475,25.05,3.275,20.89
34,107.633,26.5325,254.25,40.975,29.59
35,59.321,59.6975,245.55,8.425,23.35
36,134.363,25.1025,76.05,37.475,20.99
37,36.353,36.9275,184.05,35.625,21.01
38,5.267,46.0575,202.95,7.675,16.51
39,161.489,29.7225,283.95,29.525,26.79
40,93.971,46.5525,194.85,40.925,24.53
41,64.667,22.6825,7.05,38.575,25.79
42,19.721,28.4575,240.45,27.875,26.59
43,45.857,48.9175,78.15,38.425,13.59
44,179.309,40.2825,16.95,29.725,16.23
45,104.267,13.1125,211.35,23.925,26.77
46,77.933,14.2125,210.15,20.975,20.85
47,117.137,12.2875,58.05,18.675,20.53
48,47.639,35.0025,269.85,8.675,20.57
49,148.619,36.6525,115.05,45.025,15.29
50,25.859,8.7125,293.85,39.125,24.67
51,119.909,42.3725,144.75,28.525,21.07
52,136.937,13.0575,212.85,32.325,18.49
53,152.975,42.5375,242.25,48.875,10.17
54,34.769,12.7825,252.15,15.875,21.83
55,112.385,31.7575,48.45,30.975,14.67
56,50.411,24.0575,90.75,46.575,10.71
57,99.713,54.6375,106.65,24.925,20.95
58,126.047,55.5175,297.15,22.975,19.55
59,85.259,38.5775,97.95,31.975,29.75
60,166.241,11.6275,21.75,9.375,16.41
61,46.253,41.5475,208.35,17.075,13.23
62,182.873,26.7525,49.95,25.475,11.27
63,6.059,54.1975,36.15,46.825,21.49
64,170.795,46.2775,256.35,34.875,23.79
65,155.351,27.0275,220.95,7.375,27.01
66,28.631,56.7825,31.35,8.225,28.61
67,21.107,51.1175,246.45,35.975,14.87
68,143.471,20.8125,16.05,32.175,11.61
69,127.037,14.2675,264.75,20.575,12.43
70,85.457,42.8125,230.55,24.475,28.37
71,158.321,39.2375,109.35,11.025,11.11
72,14.573,30.8775,27.15,11.425,25.29
73,110.801,21.1975,58.65,16.775,26.11
74,44.075,19.0525,85.05,5.825,20.77
75,12.989,7.9425,169.05,4.375,29.81
76,139.313,57.2225,106.05,17.875,26.13
77,43.877,52.1075,51.15,47.375,27.81
78,17.345,52.3275,204.45,33.225,29.91
79,9.425,26.2575,260.25,47.825,19.77
80,134.759,53.2075,160.05,3.925,26.57
81,156.539,56.8925,99.15,8.825,10.21
82,143.867,53.0425,49.65,24.775,11.73
83,52.391,16.7425,241.35,5.275,26.65
84,70.409,16.6875,176.25,12.975,10.49
85,81.497,44.1325,55.65,12.275,23.27
86,64.865,34.6725,71.25,1.875,11.39
87,161.093,55.0775,215.25,20.925,10.91
88,103.673,53.9225,12.75,2.975,11.09
89,72.983,12.9475,23.85,35.275,20.03
90,125.849,19.4925,265.05,44.425,11.25
91,102.485,34.6175,223.65,29.425,20.43
92,52.193,20.1525,292.65,34.075,13.99
93,131.195,19.9875,3.75,19.575,29.53
94,78.329,55.0225,159.45,17.425,28.81
95,101.297,6.6775,148.35,28.875,13.85
96,67.241,48.6425,100.65,1.175,21.81
97,96.545,54.1425,142.95,48.375,16.27
98,86.447,5.7975,0.15,41.375,24.57
99,72.587,57.3325,40.65,41.625,24.55
100,167.231,37.8075,235.35,38.875,29.47
101,49.223,10.5275,194.25,0.025,15.77
102,84.467,19.2725,206.25,14.375,27.21
103,154.559,26.5875,184.65,24.675,22.15
104,18.731,23.0125,154.35,17.825,13.37
105,87.239,6.7325,100.95,16.875,10.01
106,179.705,47.0475,118.35,31.775,10.53
107,37.145,45.3425,141.15,30.875,20.41
108,113.177,24.2775,103.35,6.925,25.49
109,196.931,40.0075,97.65,6.975,24.01
110,113.573,20.3175,298.35,2.575,13.45
111,7.643,9.5375,178.65,43.925,18.77
112,68.231,57.5525,250.05,2.475,15.99
113,48.431,55.4625,288.75,6.375,21.97
114,51.401,33.6825,188.25,14.025,13.89
115,118.523,48.1475,175.35,6.625,22.31
116,186.833,17.3475,166.05,23.975,20.59
117,158.519,47.6525,187.65,48.675,20.67
118,159.113,10.9125,233.55,12.175,24.93
119,140.501,20.9775,95.25,9.475,18.21
120,69.617,56.5075,125.55,3.475,26.35
121,90.407,21.0325,38.85,1.675,17.35
122,86.843,25.2125,189.15,6.825,21.85
123,197.723,45.0125,23.25,8.575,13.15
124,111.197,10.8025,167.85,35.475,20.31
125,39.719,35.7725,152.55,17.375,18.17
126,129.413,36.5425,233.25,45.275,15.37
127,62.093,8.8775,282.75,48.625,18.11
128,135.551,58.8175,42.45,2.325,25.69
129,6.653,5.3575,138.75,12.125,13.77
130,30.611,53.8125,249.15,1.975,25.51
131,20.513,36.3775,76.65,22.875,28.53
132,11.405,58.4875,253.05,24.325,21.13
133,126.443,9.9225,102.45,20.525,14.07
134,193.169,30.8225,28.95,35.525,22.43
135,175.943,18.3375,64.65,37.175,17.23
136,16.157,30.6575,31.05,46.675,23.01
137,117.335,17.6775,111.45,9.525,13.65
138,173.567,39.3475,50.25,15.025,12.01
139,127.829,52.9325,162.75,36.875,22.65
140,143.273,10.1975,156.15,24.575,14.19
141,17.939,7.8875,44.55,33.575,20.39
142,52.787,47.1025,24.45,22.375,26.07
143,116.939,14.6525,187.05,8.125,10.19
144,19.919,18.6125,33.15,39.975,24.43
145,84.863,9.3725,18.15,24.025,13.25
146,7.247,46.9925,43.35,48.425,25.89
147,22.493,15.8625,142.35,46.275,16.19
148,168.221,30.4375,39.45,27.975,15.15
149,156.341,39.0725,7.35,22.775,22.11
150,149.609,17.5675,26.25,33.975,24.61
151,196.337,46.2225,272.55,19.375,21.77
152,125.453,12.0125,107.85,1.825,18.33
153,95.951,34.0125,248.85,32.825,11.69
154,79.319,51.3925,243.15,23.475,13.55
155,164.261,19.5475,60.45,26.725,28.11
156,109.019,14.3225,20.25,18.325,20.71
157,4.079,23.6175,253.65,2.425,13.91
158,153.371,30.2725,16.35,6.125,12.09
159,83.081,32.0875,166.65,36.025,27.09
160,199.505,47.5975,206.85,26.675,20.01
161,132.977,29.7775,212.25,11.275,10.73
162,197.327,29.4475,209.55,7.075,18.39
163,148.025,11.9025,22.35,38.925,21.47
164,37.739,32.3625,208.65,6.075,18.37
165,49.421,49.1375,16.65,30.075,27.71
166,110.405,12.2325,86.85,43.875,29.31
167,2.891,17.7875,90.45,7.225,18.57
168,108.227,19.6025,124.05,6.175,18.43
169,90.011,18.2825,199.05,33.475,25.63
170,130.799,46.0025,280.05,36.525,26.97
171,181.091,6.7875,120.75,7.625,28.63
172,122.879,39.1275,274.05,43.675,28.67
173,4.475,19.8225,291.15,28.625,23.11
174,185.249,33.6275,70.95,34.825,16.99
175,3.881,57.8825,172.05,33.525,25.87
176,171.983,50.1825,135.15,49.925,12.71
177,8.831,15.5875,170.25,18.425,20.33
178,38.927,48.2025,264.45,47.425,24.09
179,113.771,12.3975,117.45,29.675,15.23
180,106.643,50.6775,256.95,16.025,21.75
181,73.379,41.4925,165.75,4.175,23.77
182,189.407,7.3925,286.95,22.825,20.91
183,26.651,46.6625,248.25,27.075,24.41
184,106.049,44.7375,74.85,17.725,25.47
185,11.999,56.5625,169.35,14.475,28.57
186,191.585,57.0575,120.45,11.125,29.67
187,114.959,18.0625,242.55,18.875,18.79
188,107.039,10.8575,58.35,5.525,23.65
189,88.427,32.8575,97.05,2.625,11.07
190,30.809,57.8275,223.35,9.175,13.69
191,125.057,55.7375,257.85,21.625,15.79
192,173.963,52.9875,298.05,33.925,13.21
193,22.295,52.3825,259.95,6.425,16.65
194,136.739,8.2725,129.15,20.775,28.47
195,168.023,52.8775,166.35,42.325,23.49
196,5.663,13.6625,250.65,26.025,19.75
197,6.851,56.0675,158.55,39.925,18.85
198,88.031,55.1875,118.95,27.575,15.65
199,23.879,58.2675,81.45,9.975,26.75
200,63.281,37.4775,108.75,28.675,28.79
201,115.553,52.7125,223.05,12.875,10.61
202,97.733,34.9475,200.25,4.875,24.47
203,116.543,27.4675,8.25,34.975,24.59
204,29.423,12.6725,113.25,20.075,17.63
205,120.701,32.7475,281.25,12.725,29.79
206,53.381,37.8625,121.35,30.625,23.71
207,179.111,43.4175,241.95,9.775,21.69
208,168.617,48.7525,295.35,15.275,25.71
209,133.571,28.0725,143.85,4.275,12.77
210,36.749,45.5075,37.35,33.025,24.07
211,115.355,53.0975,294.45,31.025,17.49
212,98.129,23.1225,132.45,7.825,14.23
213,82.487,44.4625,292.35,31.175,15.09
214,134.561,40.2275,154.05,24.075,27.19
215,5.465,50.4025,61.05,31.925,11.77
216,159.707,30.7675,297.75,27.475,27.15
217,87.041,44.5725,133.05,33.275,14.01
218,133.769,42.7575,76.95,7.425,11.91
219,42.689,40.1175,19.95,31.825,20.65
220,14.771,22.3525,202.05,30.925,21.43
221,144.461,25.9275,46.95,42.475,21.57
222,32.987,51.6675,213.75,31.225,13.49
223,31.205,35.1125,95.85,37.225,10.87
224,145.451,54.8575,0.45,32.425,22.69
225,83.477,43.8575,2.25,44.025,19.97
226,7.445,42.1525,96.15,38.325,19.41
227,50.213,16.6325,274.35,5.475,12.89
228,150.995,24.8825,47.55,4.025,29.97
229,122.285,55.6825,244.65,35.925,26.93
230,92.387,22.0225,217.35,36.125,19.33
231,136.343,7.6125,182.25,38.075,18.41
232,155.549,49.1925,259.35,20.325,29.95
233,193.961,58.4325,130.35,40.025,26.61
234,106.445,17.6225,142.05,38.225,24.19
235,51.599,37.3125,235.95,43.575,10.97
236,167.627,53.8675,195.45,38.975,12.17
237,155.153,41.2725,66.15,38.125,25.93
238,176.735,40.6675,239.25,9.425,23.87
239,81.695,39.0175,263.25,27.675,24.39
240,126.641,35.6625,40.95,23.225,12.75
241,82.685,27.3575,219.15,27.175,29.21
242,58.727,59.9725,146.85,46.375,16.81
243,3.683,44.5175,186.15,33.325,19.05
244,26.849,23.5075,95.55,42.525,19.85
245,146.639,46.3325,278.85,8.325,10.59
246,34.175,9.4825,262.05,46.625,18.53
247,13.583,47.8725,282.45,36.325,25.53
248,124.661,39.7875,157.35,11.925,26.21
249,145.847,34.7825,199.95,19.675,13.33
250,40.313,30.1625,261.45,25.825,19.65
251,78.725,6.2375,14.55,41.975,19.39
252,124.265,29.0625,20.85,11.075,13.13
253,21.503,16.7975,225.75,37.275,23.93
254,188.417,36.2125,49.35,31.275,13.01
255,157.727,59.9175,265.65,6.675,22.51
256,3.485,14.4325,28.35,10.825,23.81
257,94.367,34.2875,299.25,7.975,14.45
258,148.223,39.1825,162.15,15.225,26.23
259,140.105,23.8375,179.25,34.525,24.75
260,44.867,29.9425,221.25,8.275,26.81
261,118.325,20.0425,171.75,25.775,25.85
262,178.913,7.7225,170.55,42.925,24.21
263,144.857,18.7775,195.15,18.475,14.61
264,108.821,9.3175,203.25,49.575,25.57
265,31.799,40.0625,251.25,3.775,10.67
266,86.051,55.9575,198.75,13.725,29.05
267,73.775,32.4725,79.65,14.175,17.59
268,114.761,22.5175,138.45,41.525,12.41
269,9.227,34.5075,245.85,22.125,29.55
270,101.693,43.9675,67.05,24.225,17.03
271,153.569,51.1725,76.35,1.325,13.39
272,82.289,8.3825,192.45,13.925,17.81
273,164.063,19.7675,182.55,49.175,10.77
274,25.463,37.2575,220.65,15.375,12.07
275,74.369,18.7225,129.75,11.225,12.99
276,56.153,10.0325,206.55,49.025,24.35
277,20.117,27.7425,165.15,29.175,28.41
278,137.927,28.9525,17.85,37.925,29.63
279,63.677,14.5975,184.95,28.925,11.51
280,128.621,30.3275,178.35,33.775,15.01
281,128.225,27.1375,252.75,4.525,20.09
282,130.601,35.4975,87.75,48.275,29.23
283,158.717,7.3375,152.25,5.925,12.13
284,169.805,19.4375,4.35,23.675,28.43
285,53.579,55.5725,232.95,15.525,22.47
286,174.953,35.7175,123.75,30.025,25.33
287,194.159,57.2775,32.25,37.425,17.09
288,191.981,28.8425,286.05,1.275,11.71
289,55.955,11.4075,10.95,31.425,25.03
290,5.861,14.0475,89.25,37.075,27.67
291,16.949,6.5675,211.65,41.925,29.83
292,154.361,17.0725,70.65,12.775,19.71
293,31.403,59.5875,276.45,35.775,13.31
294,92.981,23.8925,1.05,21.075,17.43
295,14.375,43.8025,235.05,31.575,12.35
296,117.533,54.9125,299.85,8.725,24.73
297,162.875,16.9075,21.15,38.725,27.63
298,67.637,50.8425,133.95,5.075,20.29
299,163.073,15.4225,134.55,40.175,11.31
300,199.703,41.7675,127.65,40.225,28.01
301,102.287,21.4725,67.95,1.375,14.65
302,134.165,39.4575,291.75,46.925,14.71
303,122.087,32.1425,48.15,0.825,20.15
304,33.581,56.2325,144.15,8.075,17.17
305,112.187,38.6325,149.85,26.075,12.39
306,62.885,56.4525,163.05,13.225,23.23
307,116.741,14.7075,110.25,37.375,29.13
308,100.307,24.9925,128.25,43.425,12.65
309,131.393,25.4875,215.55,42.175,25.05
310,198.713,32.6375,289.05,38.475,19.31
311,75.557,57.9925,30.45,23.575,16.83
312,101.495,9.7025,79.95,31.125,20.63
313,133.967,15.3125,52.35,3.325,24.51
314,49.025,37.6425,33.45,21.975,19.29
315,37.343,56.0125,96.75,19.275,23.67
316,172.775,24.7725,70.05,7.125,18.65
317,115.949,42.4825,283.05,6.575,28.39
318,108.425,28.8975,87.15,23.075,13.03
319,40.115,12.7275,241.65,45.375,12.15
320,125.651,38.3575,281.55,18.025,15.51
321,193.367,25.5425,260.85,35.425,10.31
322,15.761,7.1175,254.55,42.725,29.65
323,117.929,58.8725,141.75,47.175,23.31
324,99.911,17.1275,121.95,46.875,16.85
325,9.623,5.2475,122.25,25.725,19.63
326,177.725,59.6425,51.45,2.025,29.41
327,187.625,16.5225,29.55,27.525,10.69
328,69.221,45.2325,72.15,29.475,17.93
329,175.151,37.0375,85.95,20.475,25.75
330,68.033,20.3725,77.25,37.775,18.09
331,32.195,24.8275,200.55,36.725,11.47
332,40.907,56.1225,102.75,2.775,17.51
333,41.699,40.5025,69.75,42.075,22.17
334,23.285,51.7775,271.35,0.975,23.43
335,169.607,13.6075,190.05,23.775,29.99
336,92.585,7.5025,131.85,16.475,25.15
337,130.205,49.0275,191.25,31.675,24.37
338,107.831,40.1725,284.25,46.225,22.45
339,159.509,42.9225,85.35,34.375,12.61
340,189.011,24.7175,216.45,27.375,29.51
341,74.963,32.6925,187.95,4.425,12.67
342,89.219,54.5275,91.05,44.725,28.85
343,20.711,24.4425,98.25,10.475,10.35
344,2.297,36.8175,217.95,26.575,15.93
345,108.029,48.5875,167.25,8.925,10.63
346,162.083,32.3075,130.65,35.225,17.99
347,24.275,7.7775,157.95,1.425,22.07
348,18.137,26.6425,56.55,28.975,27.57
349,10.019,25.1575,7.65,41.775,16.55
350,61.697,31.5375,117.75,36.775,29.11
351,2.099,38.4675,272.25,5.125,20.25
352,11.009,59.0925,73.35,44.325,10.45
353,63.875,35.9925,178.95,31.375,21.31
354,129.215,23.1775,69.15,19.025,16.69
355,27.839,14.4875,174.45,44.875,24.71
356,180.101,15.1475,37.05,12.425,19.53
357,147.827,26.3675,87.45,26.275,27.45
358,91.397,46.1125,267.75,27.275,14.49
359,105.257,21.9125,289.95,39.725,27.03
360,116.147,44.1875,129.45,43.275,25.83
361,35.561,36.1575,200.85,19.625,23.25
362,43.481,24.2225,164.25,18.725,15.75
363,181.487,50.2375,179.85,13.475,20.73
364,13.385,59.3675,253.95,6.325,24.45
365,194.555,25.3775,30.15,18.375,16.73
366,71.201,53.7025,6.45,14.975,29.01
367,22.691,54.4175,244.05,43.225,27.37
368,85.655,26.1475,1.35,46.075,16.35
369,84.269,11.0775,83.55,16.175,21.35
370,50.609,10.6925,63.75,9.875,29.25
371,87.833,28.3475,112.95,26.925,10.81
372,199.109,22.1875,278.55,37.725,23.17
373,165.251,30.6025,224.55,23.625,28.97
374,28.433,11.7375,56.85,13.675,28.35
375,71.795,47.7075,105.45,24.825,25.13
376,65.459,7.2275,229.05,20.375,19.15
377,171.587,38.1925,199.65,47.725,29.29
378,165.449,56.6725,83.85,32.225,27.39
379,115.157,11.2425,73.05,0.775,29.87
380,24.077,59.2025,145.95,0.125,25.91
381,119.315,16.8525,240.75,46.125,12.47
382,26.453,47.7625,103.05,32.625,18.87
383,141.095,29.8325,145.65,24.275,10.25
384,53.777,31.0975,227.85,43.975,13.17
385,192.773,56.8375,148.05,17.175,14.89
386,152.579,52.6575,18.45,30.225,29.19
387,109.811,5.1925,267.15,35.025,26.37
388,132.779,15.5325,180.45,45.875,29.61
389,29.621,21.3075,235.65,19.925,12.59
390,95.159,31.5925,132.75,30.325,20.35
391,38.531,38.2475,270.15,15.125,19.93
392,60.311,23.7275,227.25,45.125,13.81
393,188.813,6.3475,201.15,33.175,11.35
394,93.179,54.8025,139.95,19.175,20.49
395,31.997,48.3675,0.75,14.275,25.31
396,14.969,6.0725,55.05,33.075,15.61
397,9.821,25.7075,131.55,1.125,28.99
398,180.695,35.3325,128.85,13.075,12.55
399,190.991,10.6375,10.35,38.625,11.97
400,38.729,11.0225,286.65,18.275,15.67
401,157.331,14.9275,201.75,14.425,13.61
402,178.319,13.7175,97.35,3.825,13.63
403,45.065,56.2875,185.85,24.425,26.71
404,30.215,6.4575,91.95,43.775,20.55
405,128.027,54.3075,116.85,7.775,15.31
406,75.755,10.0875,27.75,39.525,22.13
407,186.041,33.7925,251.85,16.125,18.47
408,152.381,54.9675,294.75,19.775,10.15
409,62.291,36.4325,67.35,48.725,17.39
410,35.165,50.3475,71.85,4.775,15.97
411,32.393,59.2575,94.65,19.725,18.61
412,190.595,57.6625,78.75,7.725,17.45
413,15.563,13.9925,113.55,46.175,18.31
414,61.895,52.7675,149.25,3.675,15.33
415,89.021,22.4625,130.95,39.475,26.29
416,41.303,11.2975,295.05,8.625,22.61
417,195.347,24.1675,265.35,1.475,28.71
418,153.767,41.0525,106.35,26.775,13.93
419,76.745,53.3725,114.75,1.575,17.13
420,127.631,7.0625,77.85,25.425,18.27
421,41.501,11.9575,212.55,46.525,12.57
422,2.693,32.8025,25.95,34.425,17.53
423,196.733,57.7725,169.95,4.825,14.47
424,91.991,49.4675,91.35,21.325,23.19
425,54.569,52.2725,238.35,26.525,24.85
426,195.149,51.5025,42.75,22.025,20.23
427,198.119,15.9175,259.05,49.525,19.21
428,174.557,7.8325,49.05,43.325,13.97
429,61.499,47.3775,5.55,35.725,22.89
430,92.783,46.7725,279.75,17.975,17.85
431,74.171,39.8975,133.35,46.475,18.13
432,12.197,26.2025,34.05,46.325,17.57
433,8.237,41.3275,100.05,44.275,15.85
434,70.607,46.3875,216.15,47.325,21.09
435,70.211,12.4525,268.35,36.975,18.07
436,186.239,26.9725,88.95,25.625,16.57
437,95.555,30.2175,271.95,42.025,24.49
438,156.935,55.2425,62.25,35.075,19.45
439,151.787,53.7575,191.85,29.575,26.63
440,40.511,53.4275,155.55,10.075,14.75
441,50.807,6.9525,232.65,32.725,16.17
442,143.669,13.1675,255.75,19.525,25.97
443,26.255,53.5925,18.75,3.025,13.87
444,44.669,25.5975,159.15,44.625,26.09
445,138.719,35.1675,232.05,9.675,16.15
446,167.033,29.8875,127.95,5.325,26.01
447,165.647,31.4275,68.85,49.675,13.67
448,73.577,41.9875,209.85,21.725,13.09
449,147.035,7.6675,156.45,16.925,21.55
450,46.649,49.8525,59.25,45.575,15.59
451,76.151,23.0675,54.75,35.675,11.49
452,170.399,47.5425,143.55,47.875,21.71
453,111.791,8.9875,112.65,14.725,24.69
454,168.815,31.6475,249.75,42.775,27.61
455,106.247,11.6825,268.05,30.775,25.27
456,142.283,21.8575,293.55,27.025,20.51
457,78.923,42.0425,160.65,29.875,19.09
458,55.757,19.6575,111.75,33.675,27.85
459,163.667,45.6725,73.95,35.125,20.13
460,130.403,32.5825,270.75,25.375,17.87
461,91.793,54.6925,289.65,45.175,11.63
462,153.965,39.9525,292.05,11.175,14.21
463,186.635,19.1075,115.95,39.225,29.45
464,42.293,57.0025,69.45,12.925,17.95
465,145.649,50.8975,183.15,6.225,18.97
466,135.947,22.7375,160.35,12.525,17.73
467,98.327,49.3575,168.75,29.075,25.45
468,120.305,58.5975,86.55,21.375,24.15
469,47.045,51.9425,150.15,13.125,23.61
470,175.547,35.5525,86.25,47.975,17.47
471,139.709,46.6075,13.05,34.225,17.37
472,70.013,17.0175,290.25,40.775,15.35
473,129.017,38.7425,160.95,23.825,10.93
474,130.007,41.6575,22.65,18.225,23.95
475,29.027,8.7675,297.45,38.525,22.79
476,151.589,9.6475,250.35,4.125,16.07
477,54.173,31.2075,298.95,21.575,10.37
478,149.411,50.2925,7.95,23.875,21.73
479,117.731,20.9225,234.75,42.675,16.13
480,135.155,18.4475,277.65,17.675,12.03
481,107.237,13.2775,88.35,12.325,12.97
482,90.209,44.0225,273.75,11.625,22.63
483,72.389,47.3225,285.15,25.325,18.19
484,57.341,36.1025,292.95,10.575,16.47
485,122.681,30.1075,36.75,21.225,21.93
486,36.551,18.5025,81.15,27.775,24.11
487,113.969,30.9325,289.35,28.275,17.65
488,100.505,44.3525,153.45,14.225,18.83
489,41.105,8.1625,237.75,10.025,21.51
490,57.539,21.5275,15.45,18.625,21.11
491,50.015,37.9175,223.95,34.675,25.41
492,15.959,33.5725,141.45,21.475,19.11
493,190.001,42.2075,286.35,4.675,16.75
494,58.331,40.6125,205.35,23.175,12.27
495,55.361,40.8325,277.35,17.025,16.31
496,37.937,9.8125,214.05,19.225,21.67
497,144.065,18.8325,55.35,12.075,11.95
498,38.135,16.1375,169.65,17.775,18.03
499,138.917,9.1525,183.75,22.175,18.51
500,66.449,51.0625,294.15,33.825,11.33
501,187.427,54.0325,79.05,36.425,16.67
502,191.189,30.3825,41.85,6.275,19.43
503,59.519,36.9825,53.85,43.175,21.19
504,160.103,15.6425,290.55,29.925,13.41
505,68.627,14.1025,241.05,38.675,26.53
506,142.877,54.3625,6.75,39.075,14.31
507,68.825,23.9475,37.65,48.225,12.95
508,68.429,50.0175,197.55,27.125,14.83
509,69.815,15.9725,17.55,27.625,10.57
510,84.071,42.3175,55.95,46.425,28.51
511,8.039,49.2475,296.55,45.725,25.39
512,153.173,7.2825,245.25,39.825,23.37
513,170.597,29.0075,231.75,45.775,17.79
514,60.905,40.9975,38.25,5.775,13.95
515,24.473,47.8175,109.65,3.075,24.65
516,27.047,21.6375,149.55,18.125,22.81
517,164.459,26.4775,35.55,39.025,12.87
518,8.435,35.2775,273.45,14.575,23.09
519,150.203,20.6475,45.15,37.025,15.39
520,182.675,13.3325,249.45,5.675,13.43
521,157.925,47.1575,243.75,13.875,22.87
522,63.083,18.5575,137.85,34.275,15.47
523,196.139,28.1825,295.65,13.525,24.31
524,141.491,52.4375,230.85,7.325,19.95
525,188.219,38.7975,42.15,43.525,10.27
526,39.521,19.3825,277.05,25.025,24.17
527,122.483,16.2475,181.65,28.175,11.21
528,185.645,57.1125,36.45,31.625,28.77
529,165.053,21.3625,163.35,20.725,22.73
530,141.689,20.4275,121.05,1.775,19.27
531,33.185,33.2975,296.85,35.325,21.87
532,10.217,22.2975,118.05,39.875,25.09
533,96.743,20.5375,270.45,29.975,28.59
534,132.383,50.5125,32.55,9.075,23.51
535,103.277,29.5025,203.55,47.075,29.71
536,170.003,47.2125,263.55,21.775,28.95
537,169.211,55.1325,268.95,0.425,23.89
538,39.323,18.8875,161.55,25.575,28.49
539,85.061,8.5475,56.25,23.525,24.81
540,106.841,8.0525,71.55,0.625,25.19
541,139.115,26.3125,196.95,44.075,19.99
542,42.887,13.9375,214.65,22.275,14.09
543,85.853,28.5675,156.75,19.975,15.43
544,88.229,40.4475,38.55,47.575,29.33
545,65.261,47.4325,191.55,21.525,26.25
546,5.069,21.4175,116.55,24.875,28.91
547,19.325,49.5775,214.35,42.375,21.41
548,67.439,24.6625,189.45,49.275,15.05
549,19.523,24.3325,131.25,13.775,12.31
550,173.765,48.5325,196.35,26.475,19.49
551,183.863,48.6975,114.45,28.775,28.69
552,103.475,31.3725,185.25,24.125,14.33
553,195.941,51.0075,238.65,40.475,19.57
554,154.757,40.7775,147.75,16.425,22.57
555,103.871,49.0825,4.65,45.325,10.99
556,93.773,44.6825,82.05,45.925,23.97
557,190.793,17.8975,275.55,10.775,22.23
558,56.549,8.6575,72.75,49.775,23.13
559,131.591,30.9875,50.85,15.425,16.43
560,93.377,5.6325,157.65,5.175,15.71
561,192.377,14.5425,109.95,23.375,16.25
562,126.245,16.4675,70.35,41.875,29.35
563,88.823,16.3025,220.35,47.925,22.55
564,100.109,58.7625,59.55,5.725,22.99
565,137.729,11.4625,210.75,3.725,10.39
566,54.965,16.3575,247.35,20.425,20.87
567,29.819,22.2425,161.25,5.025,23.07
568,4.277,28.5125,6.15,14.125,17.29
569,3.089,20.2625,80.25,12.375,22.41
570,10.613,32.4175,105.15,20.275,27.33
571,13.187,17.5125,26.55,41.425,12.93
572,118.919,8.1075,140.55,1.025,23.85
573,24.671,16.1925,246.75,29.825,10.43
574,123.077,8.2175,72.45,10.625,20.83
575,19.127,28.4025,239.55,18.525,26.83
576,136.145,57.3875,209.25,36.175,12.33
577,62.687,21.1425,43.05,16.625,19.13
578,56.351,44.9025,103.95,41.225,27.79
579,119.513,46.9375,68.55,20.025,27.93
580,71.399,29.2825,260.55,12.025,18.99
581,174.161,38.3025,127.05,36.375,13.07
582,83.675,18.9975,193.65,17.575,14.43
583,7.049,9.0425,240.15,22.725,28.73
584,66.251,46.1675,28.05,16.375,19.35
585,140.897,43.3625,12.15,4.325,21.59
586,9.029,25.4325,60.15,25.075,16.21
587,161.687,27.0825,253.35,8.175,27.59
588,131.987,41.1625,222.45,25.975,18.23
589,109.613,28.1275,9.15,28.025,21.95
590,181.685,31.3175,37.95,6.875,10.95
591,46.847,58.1025,232.35,42.825,13.11
592,108.623,5.1375,226.35,36.225,16.97
593,182.279,37.2025,22.95,38.825,10.79
594,123.869,14.3775,197.85,3.975,10.51
595,52.985,13.8275,137.25,47.625,10.47
596,13.979,50.5675,66.75,42.875,13.05
597,105.851,28.7325,62.55,36.075,25.99
598,30.413,57.4975,93.45,39.625,10.11
599,116.345,13.8825,2.85,29.325,14.39
600,89.417,16.5775,288.45,1.525,13.71
601,89.615,43.3075,126.75,9.575,28.83
602,33.383,33.0775,101.25,45.225,28.29
603,109.217,59.8075,196.65,9.825,28.09
604,165.845,7.4475,262.65,9.275,20.69
605,112.583,32.9675,154.95,45.525,25.73
606,123.671,33.5175,255.15,16.975,19.69
607,193.763,25.9825,60.75,49.075,14.35
608,164.657,41.1075,13.65,0.475,22.09
609,11.603,25.7625,119.55,30.575,25.23
610,170.201,18.9425,73.65,3.175,26.91
611,79.121,27.6875,275.25,9.225,29.49
612,97.139,18.0075,214.95,5.225,12.81
613,173.369,39.6775,89.55,11.375,22.93
614,98.723,5.6875,64.95,7.175,23.45
615,97.931,7.9975,28.65,46.725,25.07
616,80.309,45.7825,58.95,38.175,10.09
617,99.515,43.6375,179.55,19.875,15.95
618,192.179,38.8525,269.55,15.325,27.75
619,96.149,34.1775,98.55,39.375,10.07
620,189.209,49.7425,157.05,28.225,14.97
621,129.809,35.4425,8.55,32.475,28.87
622,45.461,45.6175,184.35,39.425,20.07
623,167.825,36.7075,5.85,17.125,15.13
624,130.997,58.5425,80.55,30.275,24.29
625,114.365,27.6325,188.85,8.375,29.43
626,77.339,37.7525,126.45,24.525,27.87
627,102.683,6.5125,23.55,28.575,26.95
628,31.007,44.2975,211.95,16.275,19.91
629,184.853,22.4075,79.35,12.575,17.31
630,25.661,35.2225,75.45,49.125,15.83
631,90.605,20.4825,24.15,26.125,27.43
632,140.303,49.5225,158.85,15.575,17.05
633,77.537,5.3025,164.55,16.225,11.87
634,61.301,18.3925,256.65,45.075,20.37
635,189.605,58.7075,172.65,37.825,10.41
636,138.521,6.8425,277.95,30.825,22.19
637,53.183,57.9375,115.35,8.475,13.35
638,7.841,50.4575,229.65,49.375,17.19
639,176.537,12.3425,252.45,28.075,12.53
640,150.797,37.4225,121.65,45.975,11.83
641,65.063,40.7225,153.15,21.925,16.79
642,78.131,25.3225,88.05,1.625,12.11
643,161.291,45.2875,262.35,40.525,26.33
644,143.075,8.6025,215.85,24.725,21.27
645,91.595,33.7375,194.55,44.975,24.13
646,123.473,11.3525,151.95,11.675,28.33
647,142.679,10.4175,280.65,2.175,12.37
648,72.785,43.6925,210.45,24.625,22.77
649,49.619,31.8125,125.25,23.275,17.27
650,65.657,58.3225,107.25,22.925,19.83
651,93.575,21.6925,263.85,40.375,18.69
652,80.111,42.2625,26.85,15.925,27.91
653,89.813,56.3425,207.45,11.775,22.83
654,151.193,52.8225,237.15,32.575,27.99
655,145.253,42.8675,217.05,12.825,24.95
656,118.721,8.8225,122.55,0.875,22.25
657,118.127,46.8275,128.55,46.025,20.17
658,21.305,15.0925,173.55,28.375,19.51
659,162.281,51.2825,284.55,46.775,20.97
660,184.655,10.2525,204.15,30.475,20.45
661,26.057,33.0225,24.75,14.525,15.45
662,185.447,43.0325,197.25,42.275,29.73
663,148.817,44.7925,94.95,5.375,16.53
664,166.637,36.4875,287.55,14.875,27.97
665,140.699,59.8625,218.25,44.125,19.89
666,162.677,5.5775,64.05,4.625,22.67
667,136.541,9.8675,172.35,31.475,15.07
668,110.603,53.4825,221.55,44.175,21.91
669,150.599,35.8825,139.65,25.125,27.41
670,79.517,58.3775,251.55,7.925,11.05
671,176.141,42.0975,181.35,3.625,11.13
672,197.129,44.0775,4.95,18.575,24.89
673,168.419,50.0725,168.15,14.775,11.43
674,124.463,48.9725,198.15,48.475,23.05
675,199.307,44.9575,99.75,41.675,28.21
676,179.507,28.2925,10.65,11.875,17.33
677,187.031,36.8725,109.05,0.925,12.79
678,105.455,18.1725,134.25,48.075,16.03
679,121.097,28.2375,271.65,13.375,11.01
680,99.119,41.8225,167.55,2.275,26.89
681,172.379,6.0175,41.25,28.825,13.27
682,94.169,57.4425,84.15,15.475,17.15
683,147.629,16.4125,2.55,20.125,28.23
684,184.259,21.2525,138.15,35.175,27.17
685,69.023,48.4225,246.15,7.275,11.79
686,172.973,48.4775,9.75,29.625,27.77
687,82.883,29.9975,59.85,22.325,19.03
688,63.479,33.4625,47.25,19.075,28.45
689,150.005,39.6225,225.45,21.425,14.05
690,46.055,12.0675,188.55,48.775,16.01
691,135.353,12.1225,290.85,45.675,12.83
692,3.287,59.1475,268.65,13.625,20.93
693,61.103,5.0825,207.75,32.125,29.77
694,160.301,35.3875,175.95,10.375,11.29
695,77.735,9.0975,170.85,27.225,25.21
696,76.547,45.9475,92.85,43.475,26.15
697,192.971,43.1975,258.45,1.075,14.77
698,110.999,35.0575,40.05,35.375,23.33
699,71.993,49.9075,207.15,3.375,22.27
700,179.903,43.1425,176.55,18.075,24.63
701,181.883,36.2675,15.75,32.775,19.25
702,194.753,31.9775,281.85,21.875,17.91
703,166.043,15.2025,19.65,7.475,16.59
704,21.899,15.8075,213.45,25.875,24.23
705,125.255,10.4725,257.55,25.275,27.51
706,10.415,24.9375,254.85,8.775,24.05
707,97.337,37.0925,283.65,36.275,12.51
708,55.163,20.8675,65.25,0.075,16.91
709,55.559,9.5925,176.85,6.775,11.15
710,156.737,55.6275,229.35,28.125,26.55
711,105.059,44.2425,153.75,24.175,15.11
712,81.893,9.4275,74.55,41.575,11.03
713,59.915,10.3625,244.95,42.575,14.63
714,4.673,15.0375,195.75,45.475,16.87
715,99.317,21.9675,22.05,34.725,21.65
716,193.565,25.6525,62.85,26.325,14.15
717,81.299,53.9775,236.85,10.925,29.37
718,186.437,10.1425,181.95,30.425,16.09
719,6.257,58.1575,82.65,10.225,27.13
720,75.953,34.0675,104.85,13.575,21.29
721,148.421,6.1825,14.25,41.475,11.99
722,152.777,45.7275,171.15,4.725,26.67
723,180.893,14.9825,120.15,49.725,25.55
724,36.947,13.4975,104.25,12.625,15.63
725,51.203,24.1125,116.25,12.675,27.95
726,171.389,10.7475,98.85,3.875,21.45
727,183.071,24.5525,99.45,24.975,28.17
728,64.469,34.2325,244.35,25.175,27.25
729,100.703,33.2425,208.05,21.275,15.57
730,17.543,17.4575,93.15,0.325,19.73
731,47.441,37.5325,205.95,2.375,18.45
732,131.789,59.7525,234.45,2.225,21.05
733,32.591,48.3125,248.55,25.525,27.23
734,80.903,42.7025,43.95,13.325,11.75
735,174.359,39.4025,35.85,27.725,22.49
736,121.493,54.7475,126.15,49.325,27.35
737,25.067,59.3125,226.95,5.425,12.45
738,94.961,34.8925,136.65,26.425,11.23
739,34.967,39.5675,75.75,17.525,20.19
740,28.829,28.7875,177.75,39.775,17.25
741,76.349,17.4025,219.75,49.825,20.79
742,37.541,21.7475,77.55,26.375,11.53
743,115.751,37.5875,113.85,14.625,29.27
744,54.371,51.8325,173.25,47.475,26.41
745,39.917,57.7175,13.95,2.875,13.57
746,195.743,31.8675,30.75,10.525,18.01
747,176.933,31.9225,218.85,22.675,10.75
748,15.167,10.9675,96.45,38.775,13.73
749,48.629,49.6325,63.15,20.875,18.29
750,48.827,37.6975,50.55,40.875,25.95
751,157.133,13.0025,144.45,7.525,11.85
752,111.593,12.8925,57.75,47.275,23.41
753,188.615,14.8725,242.85,27.825,16.63
754,121.889,51.2275,14.85,17.325,14.03
755,44.471,53.2625,43.65,15.725,27.55
756,47.243,55.7925,122.85,26.625,15.81
757,178.121,5.5225,230.25,13.175,22.35
758,171.191,14.7625,117.15,5.875,27.69
759,124.067,31.4825,243.45,18.925,24.87
760,120.899,5.4675,25.65,17.225,27.31
761,79.913,54.0875,112.05,15.075,26.69
762,78.527,41.8775,11.85,41.025,18.95
763,14.177,31.7025,287.25,27.425,12.91
764,11.207,36.5975,107.55,44.675,29.89
765,142.481,54.4725,164.85,14.825,21.61
766,185.051,24.3875,108.45,31.325,26.73
767,17.147,23.3975,155.85,48.125,28.15
768,60.707,26.8625,46.05,32.025,15.87
769,72.191,43.9125,171.45,15.175,18.89
770,47.837,29.6675,88.65,34.925,23.75
771,35.957,14.1575,257.25,40.325,10.29
772,91.001,29.1725,222.75,40.425,29.15
773,135.749,49.9625,219.45,11.825,28.65
774,119.711,5.7425,8.85,33.425,16.39
775,101.891,14.8175,54.15,35.575,13.51
776,142.085,56.1775,150.45,14.675,12.05
777,39.125,8.3275,17.25,41.075,16.29
778,119.117,17.8425,46.65,40.725,13.19
779,81.101,26.0925,44.25,9.025,14.55
780,94.565,59.4225,20.55,29.225,28.75
781,15.365,13.5525,147.45,47.675,26.51
782,169.409,45.5625,61.65,37.325,10.85
783,120.503,52.6025,114.15,39.575,23.39
784,4.871,54.2525,112.35,2.125,18.55
785,133.373,8.9325,224.85,22.475,14.25
786,102.089,9.2625,65.85,20.675,28.89
787,66.647,48.0375,89.85,14.925,27.83
788,158.915,11.7925,274.95,15.825,22.29
789,32.789,53.1525,93.75,32.925,19.37
790,58.925,15.2575,41.55,15.775,25.43
791,185.843,35.8275,276.75,32.375,28.05
792,139.511,29.2275,82.35,8.525,23.47
793,33.779,23.3425,193.05,47.025,16.37
794,28.037,53.5375,227.55,21.675,29.07
795,82.091,12.5625,92.55,3.525,22.85
796,64.073,5.4125,199.35,36.475,19.47
797,141.293,17.1825,140.25,11.975,17.55
798,162.479,12.6175,174.15,32.975,24.79
799,58.529,29.1175,172.95,48.825,27.47
800,38.333,56.9475,186.75,43.375,20.61
801,67.835,47.2675,104.55,13.425,27.05
802,57.143,5.0275,203.85,34.475,16.71
803,150.401,36.7625,256.05,30.125,12.19
804,22.889,32.0325,146.25,43.025,14.57
805,176.339,5.9075,190.95,38.375,18.05
806,104.465,19.8775,175.65,20.225,21.21
807,112.781,42.5925,54.45,36.925,24.03
808,22.097,13.3875,259.65,4.225,14.73
809,96.347,41.6025,261.75,42.625,17.07
810,13.781,29.3375,148.65,1.925,21.33
811,60.113,46.4425,108.15,40.075,19.61
812,160.499,41.3825,177.15,2.675,10.83
813,2.495,33.9575,147.15,41.275,13.83
814,138.125,12.8375,52.05,33.625,15.27
815,196.535,20.7025,272.85,21.125,12.49
816,16.355,35.6075,33.75,0.275,12.69
817,98.921,11.5175,163.65,40.825,16.77
818,112.979,11.1875,124.35,34.125,16.95
819,12.395,27.4125,228.45,26.975,22.33
820,56.945,33.3525,202.65,33.375,17.67
821,132.185,30.7125,151.35,32.075,17.83
822,34.373,38.5225,101.85,33.875,28.27
823,120.107,52.1625,61.95,22.225,11.41
824,146.243,30.4925,103.65,8.875,26.49
825,16.751,52.2175,189.75,30.175,28.25
826,151.391,37.1475,299.55,15.675,14.91
827,146.045,31.1525,186.45,22.625,27.65
828,11.801,39.8425,146.55,5.625,12.29
829,101.099,55.3525,136.05,11.325,18.93
830,20.315,6.6225,94.05,20.175,25.25
831,154.955,20.7575,165.45,16.675,22.21
832,64.271,30.0525,296.25,13.825,14.69
833,149.213,51.9975,63.45,13.975,19.67
834,181.289,21.8025,148.95,44.575,25.17
835,87.437,41.7125,1.65,2.925,26.85
836,27.443,24.6075,295.95,27.325,16.61
837,137.531,26.4225,211.05,44.475,14.95
838,121.691,27.7975,247.95,0.575,27.49
839,40.709,38.6875,291.45,38.275,25.37
840,182.081,18.2275,132.15,1.725,16.49
841,121.295,50.7875,5.25,25.675,17.21
842,107.435,50.6225,250.95,13.275,15.53
843,127.235,45.4525,276.15,36.825,22.03
844,49.817,46.8825,111.15,47.225,23.69
845,170.993,51.3375,283.35,40.575,17.71
846,42.095,27.8525,46.35,33.125,26.31
847,137.135,48.8625,123.15,4.575,14.41
848,51.005,32.2525,10.05,34.325,16.89
849,183.269,41.9325,102.15,20.625,23.21
850,90.803,22.9575,142.65,38.025,11.19
851,163.865,43.5275,192.15,23.325,18.67
852,71.003,22.6275,202.35,18.775,29.03
853,52.589,43.7475,279.45,44.525,14.99
854,51.995,42.9775,193.95,9.625,24.27
855,88.625,11.8475,236.25,48.325,14.59
856,124.859,33.8475,57.15,40.675,28.55
857,155.747,50.9525,105.75,34.775,23.57
858,102.881,59.4775,39.75,47.525,21.37
859,70.805,49.3025,280.35,26.175,16.11
860,104.861,33.9025,180.75,9.725,28.13
861,163.469,13.4425,31.95,40.125,23.99
862,188.021,22.0775,53.25,28.475,12.85
863,31.601,27.9625,3.45,39.175,18.71
864,183.665,40.3375,11.25,42.125,18.15
865,177.527,48.8075,284.85,30.675,27.73
866,190.397,13.7725,12.45,16.075,12.73
867,111.395,53.6475,269.25,10.725,24.91
868,174.755,59.0375,61.35,37.125,14.51
869,83.279,50.1275,90.15,26.875,17.77
870,144.263,19.9325,94.35,44.775,12.23
871,129.611,43.0875,231.15,30.375,15.41
872,75.161,59.5325,123.45,4.475,15.17
873,166.439,25.0475,161.85,18.825,21.79
874,27.245,12.1775,64.35,36.675,20.11
875,74.567,26.0375,229.95,26.825,19.59
876,95.753,40.8875,13.35,9.125,26.47
877,128.819,6.1275,34.95,5.575,15.89
878,123.275,38.4125,92.25,10.125,25.65
879,189.803,13.2225,78.45,16.725,17.41
880,18.533,51.5575,166.95,29.375,23.15
881,69.419,7.0075,258.75,29.025,16.45
882,45.659,6.2925,201.45,30.525,18.81
883,139.907,11.1325,91.65,12.475,24.77
884,41.897,6.4025,52.95,25.225,13.47
885,18.335,23.7825,265.95,49.875,26.27
886,149.807,6.8975,4.05,47.775,11.67
887,182.477,22.5725,204.75,22.425,11.65
888,42.491,55.9025,285.75,40.275,26.17
889,34.571,52.5475,185.55,43.075,29.09
890,77.141,33.1875,198.45,2.525,27.07
891,73.973,58.9825,68.25,17.475,27.11
892,133.175,49.6875,266.25,32.525,26.03
893,79.715,23.4525,274.65,10.425,21.99
894,25.265,25.8175,255.45,16.825,12.21
895,18.929,39.7325,222.15,8.975,23.59
896,160.895,46.7175,278.25,0.525,19.01
897,110.009,38.0275,110.55,48.175,20.05
898,58.133,41.2175,139.05,8.025,24.25
899,156.143,32.5275,216.75,47.125,19.07
900,27.641,25.2675,135.45,9.925,21.39
901,187.823,21.5825,19.05,22.075,25.11
902,111.989,12.5075,182.85,4.975,21.25
903,66.845,43.5825,135.75,41.125,17.75
904,198.317,22.8475,110.85,48.525,14.81
905,175.745,55.2975,293.25,21.825,23.03
906,190.199,29.6125,264.15,10.975,26.39
907,183.467,22.1325,134.85,39.325,23.55
908,56.747,34.8375,261.15,42.425,14.85
909,177.329,32.1975,145.05,35.825,22.05
910,166.835,17.2375,258.15,37.625,29.69
911,33.977,37.3675,238.05,0.175,22.97
912,30.017,8.4925,48.75,17.275,18.25
913,178.715,34.3975,136.35,25.925,14.29
914,160.697,20.2075,29.85,41.825,13.29
915,195.545,9.7575,183.45,14.075,15.49
916,157.529,52.0525,133.65,37.525,25.67
917,23.087,48.0925,177.45,29.775,14.37
918,128.423,22.7925,21.45,22.575,29.57
919,43.679,49.4125,181.05,34.175,21.15
920,109.415,57.6075,282.15,17.925,15.21
921,180.497,18.1175,34.65,7.025,29.85
922,48.233,15.7525,51.75,31.525,12.63
923,35.759,51.6125,231.45,28.325,22.95
924,80.507,57.1675,127.35,20.825,28.19
925,177.131,27.3025,226.05,26.225,11.37
926,59.123,20.0975,40.35,23.025,24.83
927,145.055,16.9625,213.15,27.925,26.87
928,172.577,45.8925,174.75,28.425,11.81
929,62.489,39.5125,137.55,0.375,20.47
930,6.455,58.9275,193.35,48.925,23.83
931,29.225,15.6975,9.45,32.275,26.19
932,97.535,32.9125,124.95,41.325,22.71
933,87.635,37.9725,238.95,39.675,16.33
934,144.659,34.7275,101.55,10.675,14.11
935,172.181,19.2175,81.75,42.225,22.39
936,184.061,27.1925,221.85,43.725,18.73
937,65.855,17.7325,15.15,2.075,22.01
938,17.741,47.9825,29.25,49.975,23.53
939,67.043,17.2925,34.35,18.175,17.89
940,194.357,54.5825,151.65,44.225,21.23
941,80.705,44.6275,45.45,34.625,19.19
942,91.199,16.0825,74.25,46.975,10.89
943,149.015,7.5575,125.85,4.075,10.55
944,98.525,46.4975,84.45,7.875,10.23
945,171.785,26.9175,66.45,19.125,24.97
946,16.553,58.6525,39.15,6.475,18.59
947,76.943,35.9375,236.55,37.575,19.79
948,137.333,51.7225,140.85,41.175,17.11
949,141.887,31.0425,228.75,12.225,10.65
950,21.701,19.7125,65.55,2.725,19.17
951,126.839,28.0175,45.75,29.275,12.25
952,12.791,45.0675,190.35,49.225,14.79
953,147.233,10.3075,136.95,14.325,15.19
954,12.593,33.1325,84.75,35.875,15.91
955,94.763,26.6975,228.15,11.575,15.25
956,103.079,45.8375,298.65,43.625,10.03
957,199.901,23.5625,247.65,6.725,10.33
958,152.183,10.5825,280.95,49.475,26.45
959,184.457,58.0475,67.65,10.875,26.05
960,24.869,34.1225,217.65,49.625,13.53
961,105.653,28.6775,31.65,13.025,25.35
962,20.909,5.9625,139.35,37.975,24.33
963,161.885,22.9025,25.35,0.675,14.17
964,84.665,27.5225,80.85,28.725,29.93
965,138.323,51.8875,205.05,15.625,18.35
966,110.207,23.2325,237.45,9.325,22.53
967,197.921,41.4375,106.95,11.525,21.17
968,100.901,24.0025,143.25,22.525,20.27
969,146.837,31.2625,83.25,45.425,27.89
970,178.517,36.3225,168.45,16.575,16.93
971,114.167,23.2875,100.35,32.875,29.39
972,163.271,49.7975,173.85,5.975,11.89
973,57.737,29.3925,266.85,6.025,25.61
974,164.855,42.4275,225.15,10.275,27.29
975,158.123,19.3275,145.35,24.375,14.93
976,92.189,56.3975,152.85,48.975,22.91
977,23.483,38.9075,155.25,10.325,11.93
978,175.349,43.4725,224.25,21.025,23.63
979,173.171,16.0275,158.25,16.325,22.37
980,177.923,40.5575,1.95,40.625,14.13
981,8.633,34.4525,75.15,37.675,11.17
982,43.283,45.1775,267.45,48.575,14.53
983,36.155,9.9775,85.65,39.275,22.75
984,59.717,44.4075,19.35,21.175,18.75
985,86.249,40.3925,154.65,3.425,28.03
986,75.359,25.8725,11.55,19.425,21.63
987,127.433,15.3675,196.05,49.425,26.43
988,35.363,39.2925,35.25,32.675,13.79
989,198.515,7.1725,118.65,7.575,18.91
990,154.163,50.7325,187.35,36.575,21.53
991,194.951,11.5725,57.45,19.825,28.07
992,95.357,28.6225,3.15,42.975,15.69
993,191.783,58.2125,239.85,11.475,14.27
994,10.811,38.1375,273.15,30.725,20.81
995,180.299,56.7275,163.95,23.125,25.81
996,51.797,43.2525,180.15,0.725,18.63
997,46.451,34.3425,218.55,19.325,27.53
998,28.235,9.2075,279.15,16.525,17.61
999,151.985,30.5475,44.85,15.975,23.29
